segment_id,basin_id,slope_deg,aspect,curvature,twi,dist_to_fault_m,soil_saturation_pct,ari_7d,forecast_rain_3h,ndvi,label
SEG_0001,SUBANSIRI_VALLEY,52.54,263.52,0.00987,4.18,562.9,15.17,216.54,72.13,0.631,0
SEG_0002,SUBANSIRI_VALLEY,14.17,109.53,0.00248,8.05,1033.5,64.45,34.87,35.06,0.375,0
SEG_0003,BARAK_VALLEY,24.12,353.96,-0.00332,14.04,2387.5,50.09,3.32,113.06,0.522,0
SEG_0004,BRAHMAPUTRA_BASIN,39.21,158.45,-0.0378,8.93,139.7,90.93,64.69,79.5,0.334,0
SEG_0005,BRAHMAPUTRA_BASIN,33.39,11.27,0.03423,8.3,1395.1,92.47,181.82,39.18,0.528,0
SEG_0006,MANAS_RIVER_BASIN,24.43,97.69,0.03287,6.99,997.7,58.3,35.23,96.26,0.156,0
SEG_0007,TEESTA_VALLEY,43.61,71.54,-0.04945,13.42,2479.9,74.88,192.82,8.89,0.369,0
SEG_0008,MANAS_RIVER_BASIN,41.48,229.52,0.03872,8.61,436.2,73.48,190.2,67.35,0.678,1
SEG_0009,BARAK_VALLEY,31.14,153.91,-0.04746,3.51,129.4,66.64,78.59,61.03,0.781,0
SEG_0010,BARAK_VALLEY,15.15,339.43,0.00989,11.73,3084.0,65.57,73.91,12.66,0.442,0
SEG_0011,SUBANSIRI_VALLEY,14.33,321.32,0.00393,13.3,3138.4,38.3,27.51,27.35,0.42,0
SEG_0012,BARAK_VALLEY,25.87,79.96,-0.03801,6.73,3301.3,38.77,129.7,84.36,0.373,0
SEG_0013,TEESTA_VALLEY,17.7,88.88,0.01963,11.97,535.3,98.8,66.7,117.19,0.408,0
SEG_0014,TEESTA_VALLEY,16.98,52.16,-0.00105,15.8,862.4,69.82,190.4,28.52,0.646,0
SEG_0015,MANAS_RIVER_BASIN,36.62,228.07,0.00358,3.26,2926.9,38.55,46.63,4.89,0.543,0
SEG_0016,SUBANSIRI_VALLEY,52.03,143.13,0.00178,13.73,2371.4,75.43,52.27,64.97,0.622,0
SEG_0017,SUBANSIRI_VALLEY,13.75,353.58,0.00166,5.65,3487.0,95.92,139.57,105.92,0.242,0
SEG_0018,BARAK_VALLEY,47.82,145.62,0.03878,13.91,3276.0,79.9,167.25,69.68,0.379,0
SEG_0019,TEESTA_VALLEY,38.18,1.82,-0.03392,9.68,2427.8,68.02,56.07,85.46,0.278,0
SEG_0020,BARAK_VALLEY,37.88,204.59,-0.04063,7.15,942.9,31.72,243.25,47.17,0.769,0
SEG_0021,BARAK_VALLEY,26.72,126.03,0.01451,11.36,3027.3,30.49,124.8,68.64,0.676,0
SEG_0022,BARAK_VALLEY,42.39,343.11,-0.01692,9.74,2011.6,97.25,18.84,36.68,0.243,0
SEG_0023,TEESTA_VALLEY,20.85,61.02,0.00568,15.11,2442.2,60.74,24.29,73.8,0.843,0
SEG_0024,BRAHMAPUTRA_BASIN,21.13,305.52,-0.03634,11.92,1943.8,36.39,104.95,30.74,0.559,0
SEG_0025,SUBANSIRI_VALLEY,30.57,180.55,0.02983,11.1,2462.8,80.83,222.5,40.56,0.382,0
SEG_0026,BARAK_VALLEY,28.28,195.35,-0.02135,10.27,126.1,13.32,205.65,43.22,0.195,0
SEG_0027,TEESTA_VALLEY,46.39,97.76,0.04653,8.4,2950.2,27.3,102.84,83.94,0.204,0
SEG_0028,BRAHMAPUTRA_BASIN,8.92,9.13,0.04626,13.7,2442.0,46.4,43.32,18.77,0.288,0
SEG_0029,TEESTA_VALLEY,38.01,100.78,0.04549,12.33,1949.2,64.44,104.9,29.73,0.367,0
SEG_0030,BRAHMAPUTRA_BASIN,43.17,290.49,-0.01537,8.51,2281.2,14.28,237.29,106.4,0.296,1
SEG_0031,BRAHMAPUTRA_BASIN,36.29,181.13,0.03565,11.22,587.0,16.28,160.6,3.18,0.539,0
SEG_0032,BRAHMAPUTRA_BASIN,33.67,46.26,0.03112,13.49,2198.3,83.02,162.87,24.8,0.305,0
SEG_0033,SUBANSIRI_VALLEY,10.04,6.56,-0.04056,11.56,267.7,38.39,211.22,2.79,0.711,0
SEG_0034,MANAS_RIVER_BASIN,22.42,337.19,-0.04608,7.85,3387.2,58.77,105.87,68.22,0.532,0
SEG_0035,BARAK_VALLEY,25.63,133.93,0.02764,6.77,3259.0,86.4,107.25,90.1,0.666,0
SEG_0036,MANAS_RIVER_BASIN,49.78,140.11,-0.04892,14.68,337.7,38.42,237.52,114.07,0.53,1
SEG_0037,MANAS_RIVER_BASIN,9.59,216.88,0.00537,4.98,3312.8,79.54,28.37,111.71,0.831,0
SEG_0038,BARAK_VALLEY,10.85,51.48,0.02615,10.66,371.9,17.49,175.24,8.73,0.716,0
SEG_0039,BRAHMAPUTRA_BASIN,12.33,184.8,-0.02668,10.14,3023.7,88.35,59.17,108.92,0.544,0
SEG_0040,BARAK_VALLEY,43.86,201.03,-0.00758,14.69,407.0,53.84,2.84,56.24,0.142,0
SEG_0041,SUBANSIRI_VALLEY,43.36,296.2,0.02442,11.53,846.5,45.62,119.43,9.95,0.496,0
SEG_0042,MANAS_RIVER_BASIN,53.49,15.54,0.03911,9.39,3475.5,16.57,138.46,116.32,0.492,0
SEG_0043,TEESTA_VALLEY,15.84,106.02,0.04958,11.76,1357.0,75.6,228.81,115.04,0.143,1
SEG_0044,MANAS_RIVER_BASIN,18.87,67.72,-0.00363,6.95,2051.1,16.92,243.6,118.35,0.624,0
SEG_0045,TEESTA_VALLEY,18.99,148.03,0.01028,5.79,483.5,16.78,235.13,50.0,0.536,0
SEG_0046,MANAS_RIVER_BASIN,6.32,135.53,0.03106,15.82,543.5,62.88,95.22,116.39,0.732,0
SEG_0047,MANAS_RIVER_BASIN,8.18,13.26,-0.03661,2.19,282.2,71.56,133.59,89.99,0.785,0
SEG_0048,BRAHMAPUTRA_BASIN,47.48,89.05,-0.00495,3.81,3340.1,63.95,57.16,80.6,0.564,0
SEG_0049,SUBANSIRI_VALLEY,18.43,7.99,-0.00018,8.67,2913.2,37.39,204.1,116.16,0.166,0
SEG_0050,MANAS_RIVER_BASIN,36.02,253.47,-0.0287,3.91,70.6,41.2,147.48,47.07,0.428,0
SEG_0051,BRAHMAPUTRA_BASIN,22.41,185.04,0.02837,7.55,2184.9,86.75,237.38,17.65,0.795,0
SEG_0052,MANAS_RIVER_BASIN,54.0,177.34,-0.01712,10.87,855.7,16.75,32.22,15.37,0.214,0
SEG_0053,SUBANSIRI_VALLEY,14.09,124.44,0.03968,8.64,2343.1,25.34,48.07,4.9,0.227,0
SEG_0054,MANAS_RIVER_BASIN,32.44,192.39,-0.0144,14.52,468.0,39.38,80.4,11.07,0.461,0
SEG_0055,BARAK_VALLEY,51.04,21.99,-0.02231,13.29,2623.9,26.42,52.34,44.46,0.463,0
SEG_0056,BRAHMAPUTRA_BASIN,42.37,13.21,-0.02476,11.99,3135.3,55.54,133.03,12.86,0.436,0
SEG_0057,BARAK_VALLEY,24.86,37.75,0.02374,4.55,1982.6,84.82,22.3,64.24,0.275,0
SEG_0058,BRAHMAPUTRA_BASIN,44.46,179.44,-0.04131,9.52,2062.2,76.34,107.91,15.31,0.313,0
SEG_0059,SUBANSIRI_VALLEY,37.3,205.48,-0.01439,15.81,2128.1,31.11,25.45,18.34,0.284,0
SEG_0060,TEESTA_VALLEY,9.01,188.82,-0.00896,15.75,409.9,45.41,242.37,103.86,0.713,0
SEG_0061,TEESTA_VALLEY,29.54,260.24,0.03209,12.06,1881.9,52.42,209.65,24.61,0.826,0
SEG_0062,SUBANSIRI_VALLEY,17.12,41.34,0.01106,6.04,2042.7,23.74,120.29,63.91,0.139,0
SEG_0063,BRAHMAPUTRA_BASIN,27.71,197.5,0.00489,4.82,2402.3,17.82,34.71,0.33,0.188,0
SEG_0064,BARAK_VALLEY,22.44,334.63,0.03306,15.51,452.6,75.05,234.59,21.75,0.15,1
SEG_0065,SUBANSIRI_VALLEY,47.09,50.32,0.02953,4.82,589.5,24.62,203.64,79.82,0.492,1
SEG_0066,TEESTA_VALLEY,39.15,162.7,0.02138,14.6,2191.9,58.04,109.69,69.3,0.367,0
SEG_0067,BRAHMAPUTRA_BASIN,32.18,326.33,0.01242,3.64,3290.6,65.87,83.73,16.71,0.696,0
SEG_0068,BARAK_VALLEY,44.43,54.6,-0.01883,5.48,2608.9,12.98,142.47,91.5,0.758,0
SEG_0069,TEESTA_VALLEY,10.15,193.13,-0.01212,8.4,2121.8,54.7,134.97,58.36,0.407,0
SEG_0070,BRAHMAPUTRA_BASIN,17.59,124.45,-0.03184,14.72,2050.2,45.68,115.5,113.67,0.215,1
SEG_0071,MANAS_RIVER_BASIN,11.96,36.29,-0.0244,12.17,2083.5,19.1,229.69,94.81,0.117,1
SEG_0072,BRAHMAPUTRA_BASIN,8.45,27.84,-0.03958,13.77,3189.2,20.93,58.98,19.86,0.24,0
SEG_0073,TEESTA_VALLEY,21.61,112.12,-0.02726,10.51,1340.0,76.24,51.39,94.53,0.553,0
SEG_0074,BRAHMAPUTRA_BASIN,50.99,124.68,-0.0153,12.33,1593.7,29.99,113.11,16.9,0.232,0
SEG_0075,SUBANSIRI_VALLEY,25.95,329.34,-0.01376,10.13,2220.3,11.17,165.88,21.36,0.821,0
SEG_0076,SUBANSIRI_VALLEY,31.75,66.41,-0.02004,6.34,1402.7,47.98,199.95,41.93,0.451,0
SEG_0077,TEESTA_VALLEY,6.83,169.94,0.00648,2.92,2718.8,50.34,131.1,52.89,0.401,0
SEG_0078,TEESTA_VALLEY,21.72,27.18,0.02532,5.81,3143.1,56.87,200.19,117.47,0.73,0
SEG_0079,MANAS_RIVER_BASIN,25.4,198.62,-0.02461,4.75,1779.2,62.96,84.82,68.33,0.766,0
SEG_0080,BARAK_VALLEY,17.16,260.02,0.03557,13.62,1402.2,69.46,51.25,35.18,0.772,0
SEG_0081,BRAHMAPUTRA_BASIN,9.28,74.84,-0.04735,4.54,2049.0,47.51,223.17,98.09,0.356,0
SEG_0082,SUBANSIRI_VALLEY,46.53,124.27,0.02738,7.08,3016.5,29.54,243.64,93.57,0.186,0
SEG_0083,BARAK_VALLEY,49.73,287.95,-0.00748,2.31,955.0,58.21,158.37,30.95,0.205,0
SEG_0084,MANAS_RIVER_BASIN,5.92,329.15,-0.03822,10.07,973.7,59.32,162.86,99.57,0.255,0
SEG_0085,BRAHMAPUTRA_BASIN,12.0,94.93,-0.02335,12.25,892.5,66.35,123.57,68.8,0.729,0
SEG_0086,BRAHMAPUTRA_BASIN,13.31,265.69,-0.04172,10.44,873.8,44.65,72.17,42.68,0.639,0
SEG_0087,BARAK_VALLEY,52.47,142.79,0.04541,3.89,1703.5,34.02,134.96,19.44,0.731,0
SEG_0088,BRAHMAPUTRA_BASIN,10.33,27.05,0.02282,8.94,2415.6,48.7,61.6,98.29,0.7,0
SEG_0089,SUBANSIRI_VALLEY,53.38,1.89,-0.03969,6.4,2829.9,95.63,197.5,82.87,0.491,1
SEG_0090,TEESTA_VALLEY,37.94,249.22,0.03492,5.5,1723.2,29.69,246.92,113.29,0.13,1
SEG_0091,BRAHMAPUTRA_BASIN,34.41,359.77,0.00558,8.62,1108.7,20.73,182.76,23.11,0.186,0
SEG_0092,SUBANSIRI_VALLEY,47.23,114.88,0.03289,2.52,2095.0,30.47,30.14,9.23,0.622,0
SEG_0093,BRAHMAPUTRA_BASIN,41.24,23.53,-0.01847,9.55,2771.7,38.37,156.47,106.32,0.562,0
SEG_0094,BARAK_VALLEY,8.5,3.41,-0.04473,3.24,150.8,52.7,145.19,32.6,0.399,0
SEG_0095,TEESTA_VALLEY,21.82,188.11,0.02323,2.05,1646.2,36.43,213.21,85.87,0.542,0
SEG_0096,TEESTA_VALLEY,10.47,140.99,-0.03756,15.39,2797.0,33.05,147.14,117.88,0.763,0
SEG_0097,BARAK_VALLEY,50.19,356.11,0.02434,2.91,1417.5,84.57,57.64,99.68,0.19,0
SEG_0098,TEESTA_VALLEY,14.32,280.65,-0.01499,2.81,3392.5,88.66,231.94,119.39,0.23,1
SEG_0099,BRAHMAPUTRA_BASIN,30.76,176.83,0.04963,14.56,1632.6,65.44,186.97,4.18,0.771,0
SEG_0100,BARAK_VALLEY,18.65,171.6,-0.04556,13.93,143.3,39.29,232.9,88.23,0.311,1
SEG_0101,SUBANSIRI_VALLEY,23.63,93.51,0.02234,8.94,302.0,29.6,170.81,9.14,0.738,0
SEG_0102,MANAS_RIVER_BASIN,50.33,205.67,0.01621,9.61,3028.4,75.32,130.32,104.18,0.284,0
SEG_0103,BARAK_VALLEY,48.36,255.01,0.0337,11.76,2386.9,65.06,188.18,19.03,0.761,0
SEG_0104,BARAK_VALLEY,16.43,327.13,-0.04989,9.79,2653.1,33.02,48.28,10.09,0.345,0
SEG_0105,TEESTA_VALLEY,36.59,93.53,0.0134,9.56,2733.9,19.52,190.26,64.95,0.822,0
SEG_0106,MANAS_RIVER_BASIN,10.13,337.4,0.01879,2.95,1067.4,73.03,16.84,69.86,0.359,0
SEG_0107,BRAHMAPUTRA_BASIN,8.73,306.87,0.04901,11.46,1571.9,67.63,148.6,46.03,0.149,0
SEG_0108,BARAK_VALLEY,17.63,0.37,-0.03411,8.56,3306.2,19.1,213.55,63.24,0.719,0
SEG_0109,BARAK_VALLEY,16.04,29.66,0.01805,11.16,970.9,94.63,37.76,51.88,0.808,0
SEG_0110,BARAK_VALLEY,18.71,354.23,-0.00907,14.52,820.2,28.97,7.78,78.2,0.376,0
SEG_0111,SUBANSIRI_VALLEY,28.66,348.55,-0.03145,14.16,2722.6,78.61,211.2,91.32,0.57,0
SEG_0112,TEESTA_VALLEY,5.06,215.4,0.01073,5.47,1963.3,30.07,40.21,78.18,0.344,0
SEG_0113,BRAHMAPUTRA_BASIN,44.88,111.73,-0.00448,2.16,272.1,44.93,119.98,72.0,0.319,0
SEG_0114,TEESTA_VALLEY,6.98,172.98,-0.03951,5.39,3453.6,22.68,124.72,74.18,0.627,0
SEG_0115,BRAHMAPUTRA_BASIN,43.79,338.85,-0.04276,9.48,3091.2,17.34,206.13,42.94,0.342,0
SEG_0116,BRAHMAPUTRA_BASIN,13.37,37.64,0.01364,11.89,129.9,93.32,12.99,64.96,0.632,0
SEG_0117,BRAHMAPUTRA_BASIN,36.27,282.03,0.01123,8.78,2319.7,59.22,149.37,94.06,0.461,1
SEG_0118,SUBANSIRI_VALLEY,17.36,57.44,0.03718,5.07,3416.0,39.98,45.53,94.76,0.594,0
SEG_0119,BARAK_VALLEY,13.08,7.51,0.01533,6.65,1907.8,53.9,20.38,48.39,0.265,0
SEG_0120,SUBANSIRI_VALLEY,13.71,345.88,-0.00841,13.85,2208.1,75.45,191.93,60.58,0.507,0
SEG_0121,BARAK_VALLEY,33.93,157.9,0.02253,8.81,3059.5,90.16,105.43,33.22,0.544,0
SEG_0122,TEESTA_VALLEY,11.58,257.7,0.0409,4.52,846.7,96.45,45.24,102.53,0.469,0
SEG_0123,SUBANSIRI_VALLEY,25.25,213.45,0.00794,11.28,351.5,68.04,78.04,47.89,0.743,0
SEG_0124,SUBANSIRI_VALLEY,11.54,349.14,-0.00462,5.3,275.8,25.11,129.94,40.44,0.722,0
SEG_0125,TEESTA_VALLEY,27.47,211.64,0.04486,5.54,1270.2,43.76,151.38,42.81,0.5,0
SEG_0126,SUBANSIRI_VALLEY,48.21,200.93,0.00399,2.48,3453.7,20.94,57.78,6.2,0.58,0
SEG_0127,BARAK_VALLEY,27.61,336.2,-0.01838,9.1,164.7,23.2,246.66,115.81,0.104,1
SEG_0128,TEESTA_VALLEY,34.01,91.52,0.00217,6.8,1872.2,21.19,33.18,17.23,0.805,0
SEG_0129,SUBANSIRI_VALLEY,38.67,349.17,-0.04061,11.42,1564.3,87.26,44.29,83.12,0.729,0
SEG_0130,BRAHMAPUTRA_BASIN,17.21,299.12,0.03646,12.76,413.6,80.8,229.67,72.07,0.806,0
SEG_0131,MANAS_RIVER_BASIN,38.35,207.79,-0.01514,4.23,2125.2,38.31,216.61,119.2,0.664,0
SEG_0132,BARAK_VALLEY,48.93,145.49,-0.0173,11.35,2831.3,77.84,199.45,52.27,0.713,0
SEG_0133,TEESTA_VALLEY,21.42,226.88,0.01098,9.89,1343.9,58.82,149.12,65.48,0.433,0
SEG_0134,BRAHMAPUTRA_BASIN,42.97,180.16,0.00424,15.32,2968.1,91.37,203.44,13.07,0.212,0
SEG_0135,MANAS_RIVER_BASIN,17.3,171.61,-0.01056,9.69,2619.1,73.68,130.31,98.69,0.423,0
SEG_0136,BARAK_VALLEY,8.01,336.4,-0.01484,3.42,1710.8,32.85,71.22,36.87,0.702,0
SEG_0137,BARAK_VALLEY,34.05,32.27,0.02176,7.6,3419.0,83.26,130.62,14.79,0.745,0
SEG_0138,TEESTA_VALLEY,33.37,92.36,0.04629,8.77,2824.9,58.97,10.85,75.98,0.814,0
SEG_0139,MANAS_RIVER_BASIN,49.21,82.11,-0.0288,10.55,1450.4,84.75,225.01,42.41,0.278,1
SEG_0140,BARAK_VALLEY,47.56,241.71,0.03095,12.73,541.0,47.73,38.25,28.23,0.752,0
SEG_0141,TEESTA_VALLEY,15.84,34.46,-0.04764,10.99,2132.7,58.66,57.99,46.91,0.546,0
SEG_0142,BARAK_VALLEY,34.85,243.3,-0.00573,8.24,2541.3,11.41,85.27,98.24,0.552,0
SEG_0143,BRAHMAPUTRA_BASIN,50.28,278.14,-0.02351,11.03,2093.2,45.71,91.74,41.23,0.563,0
SEG_0144,SUBANSIRI_VALLEY,45.02,84.14,0.004,14.32,2285.1,57.43,81.08,39.96,0.602,0
SEG_0145,SUBANSIRI_VALLEY,38.09,200.8,0.02307,8.51,229.3,60.04,239.41,21.04,0.618,0
SEG_0146,TEESTA_VALLEY,46.09,0.45,-0.01991,15.74,1672.6,44.04,29.96,116.9,0.115,0
SEG_0147,SUBANSIRI_VALLEY,51.35,194.38,0.0342,9.29,2190.1,17.93,188.82,15.33,0.72,0
SEG_0148,SUBANSIRI_VALLEY,20.16,94.72,-0.01399,3.23,3280.6,59.29,76.38,47.64,0.435,0
SEG_0149,SUBANSIRI_VALLEY,48.67,58.24,0.02863,10.04,1991.7,44.8,125.29,47.66,0.505,0
SEG_0150,BRAHMAPUTRA_BASIN,48.4,290.13,0.029,6.27,301.6,45.87,43.38,83.39,0.36,0
SEG_0151,SUBANSIRI_VALLEY,33.65,335.78,0.00752,8.71,1111.8,63.97,34.8,107.79,0.722,0
SEG_0152,TEESTA_VALLEY,38.32,43.83,-0.00218,9.09,829.3,17.12,194.18,14.64,0.546,0
SEG_0153,SUBANSIRI_VALLEY,26.98,38.04,0.01408,5.02,2176.2,67.87,38.01,7.36,0.686,0
SEG_0154,BARAK_VALLEY,42.71,223.02,-0.02026,8.02,613.9,16.64,195.67,31.85,0.233,0
SEG_0155,SUBANSIRI_VALLEY,35.9,227.95,-0.02711,5.26,788.4,25.46,163.93,101.76,0.643,0
SEG_0156,MANAS_RIVER_BASIN,22.71,189.18,-0.00184,4.48,1367.0,95.78,62.15,16.06,0.414,0
SEG_0157,MANAS_RIVER_BASIN,43.01,49.36,0.00353,5.01,62.2,31.47,243.97,96.18,0.82,0
SEG_0158,SUBANSIRI_VALLEY,37.3,179.76,-0.0234,4.09,462.7,86.95,60.87,78.21,0.708,0
SEG_0159,MANAS_RIVER_BASIN,24.72,165.4,0.0285,14.49,3344.6,80.03,78.85,82.58,0.428,0
SEG_0160,BRAHMAPUTRA_BASIN,17.65,281.22,0.03251,8.94,1364.5,50.06,56.74,106.73,0.438,0
SEG_0161,MANAS_RIVER_BASIN,12.51,265.48,0.00122,11.52,165.0,17.55,179.08,8.65,0.153,0
SEG_0162,SUBANSIRI_VALLEY,22.49,278.88,0.01614,4.59,625.9,18.76,165.08,91.72,0.299,0
SEG_0163,SUBANSIRI_VALLEY,49.95,281.69,-0.02722,15.66,2342.4,10.93,63.85,31.29,0.152,0
SEG_0164,BRAHMAPUTRA_BASIN,21.11,45.08,-0.00257,3.6,1711.3,91.91,130.19,73.98,0.217,0
SEG_0165,BRAHMAPUTRA_BASIN,21.91,334.11,-0.02754,7.21,1523.6,49.11,153.23,113.17,0.281,0
SEG_0166,TEESTA_VALLEY,37.29,102.93,0.03159,14.06,2965.9,91.78,63.06,90.61,0.445,0
SEG_0167,SUBANSIRI_VALLEY,7.69,115.22,0.02532,5.77,1897.7,74.79,26.99,82.24,0.169,0
SEG_0168,SUBANSIRI_VALLEY,41.64,195.21,0.00903,9.12,1055.5,60.29,172.22,104.8,0.577,1
SEG_0169,MANAS_RIVER_BASIN,13.0,166.16,-0.04907,5.45,2548.1,98.27,24.79,48.18,0.7,0
SEG_0170,BARAK_VALLEY,14.4,127.94,0.02838,9.76,38.2,77.73,8.83,89.49,0.252,0
SEG_0171,BRAHMAPUTRA_BASIN,42.93,244.22,0.02563,13.79,1656.7,54.68,31.18,46.25,0.583,0
SEG_0172,BRAHMAPUTRA_BASIN,24.58,148.54,0.01956,2.05,2176.2,41.64,198.55,11.16,0.541,0
SEG_0173,SUBANSIRI_VALLEY,30.51,260.43,-0.03959,5.16,2466.2,14.7,121.65,71.92,0.552,0
SEG_0174,MANAS_RIVER_BASIN,42.3,353.51,-0.02902,13.55,1830.6,43.24,30.59,88.26,0.277,0
SEG_0175,SUBANSIRI_VALLEY,8.13,288.49,0.02666,12.27,1062.1,25.44,159.39,59.54,0.234,0
SEG_0176,BRAHMAPUTRA_BASIN,34.39,66.41,-0.01378,6.68,111.2,12.15,207.92,32.77,0.489,0
SEG_0177,MANAS_RIVER_BASIN,44.13,20.21,0.03527,5.16,1331.7,51.09,120.23,52.22,0.803,0
SEG_0178,BRAHMAPUTRA_BASIN,50.47,280.88,-0.0493,2.8,803.8,21.69,99.71,110.71,0.454,0
SEG_0179,MANAS_RIVER_BASIN,8.45,20.54,-0.02178,5.66,879.5,90.66,62.39,32.63,0.67,0
SEG_0180,SUBANSIRI_VALLEY,12.82,307.11,-0.04535,10.68,1975.7,40.79,78.8,92.62,0.165,0
SEG_0181,BRAHMAPUTRA_BASIN,41.62,197.4,-0.0372,14.35,1389.2,83.68,196.93,74.93,0.471,1
SEG_0182,TEESTA_VALLEY,28.2,349.92,0.01085,6.89,417.1,23.46,56.33,30.12,0.738,0
SEG_0183,TEESTA_VALLEY,31.17,41.32,0.03601,12.12,255.5,73.0,135.88,9.81,0.444,0
SEG_0184,BRAHMAPUTRA_BASIN,38.21,77.79,-0.04024,14.07,1621.4,76.69,72.65,94.44,0.184,0
SEG_0185,BARAK_VALLEY,27.96,18.7,0.02863,4.82,920.0,24.66,82.55,90.81,0.49,0
SEG_0186,SUBANSIRI_VALLEY,48.53,85.97,-0.00488,15.79,2706.6,12.42,16.3,55.67,0.782,0
SEG_0187,TEESTA_VALLEY,24.54,287.4,-0.01281,8.32,1402.9,18.31,110.27,23.47,0.24,0
SEG_0188,TEESTA_VALLEY,33.88,228.45,0.02979,7.54,3204.5,57.44,39.49,83.51,0.695,0
SEG_0189,BARAK_VALLEY,23.16,322.99,-0.03311,9.1,2101.4,12.97,90.92,87.92,0.715,0
SEG_0190,BARAK_VALLEY,49.12,289.3,0.00052,15.54,1473.8,97.59,166.98,76.16,0.224,1
SEG_0191,BRAHMAPUTRA_BASIN,26.37,58.4,-0.04874,9.84,1855.4,74.02,222.56,9.53,0.649,0
SEG_0192,SUBANSIRI_VALLEY,50.91,39.87,0.02596,15.83,3156.5,68.0,78.52,30.52,0.714,0
SEG_0193,SUBANSIRI_VALLEY,21.76,62.55,0.0212,13.56,370.2,31.35,35.49,41.75,0.438,0
SEG_0194,TEESTA_VALLEY,47.07,169.66,0.04791,10.88,459.4,70.18,81.28,82.36,0.152,1
SEG_0195,TEESTA_VALLEY,37.76,357.03,-0.04273,3.08,1204.5,87.11,53.88,43.25,0.151,0
SEG_0196,SUBANSIRI_VALLEY,51.92,313.63,0.02661,13.04,2334.1,33.17,226.8,80.49,0.52,1
SEG_0197,BARAK_VALLEY,24.49,136.62,-0.02733,7.34,468.4,46.74,200.59,57.49,0.114,0
SEG_0198,TEESTA_VALLEY,19.61,327.88,0.0254,13.27,82.7,95.69,181.67,36.57,0.722,0
SEG_0199,SUBANSIRI_VALLEY,36.75,161.94,-0.02816,3.68,257.8,33.44,11.53,68.06,0.313,0
SEG_0200,TEESTA_VALLEY,7.41,325.04,0.03523,11.35,2084.4,89.41,46.33,9.48,0.28,0
SEG_0201,TEESTA_VALLEY,19.26,154.51,-0.02322,13.05,2015.3,68.64,63.08,26.43,0.466,0
SEG_0202,TEESTA_VALLEY,38.46,298.54,0.0379,10.0,1820.7,48.31,79.24,52.15,0.68,0
SEG_0203,TEESTA_VALLEY,22.04,59.34,-0.03294,15.27,1569.5,80.2,159.9,81.17,0.199,1
SEG_0204,BARAK_VALLEY,37.61,342.19,0.01007,12.41,1781.8,66.44,17.73,30.53,0.371,0
SEG_0205,SUBANSIRI_VALLEY,35.2,326.66,-0.02611,8.57,1587.6,52.09,155.63,56.37,0.436,1
SEG_0206,MANAS_RIVER_BASIN,5.28,2.76,-0.02809,2.51,395.9,40.16,200.65,68.65,0.485,0
SEG_0207,BARAK_VALLEY,7.22,100.02,0.03167,5.98,2867.4,57.31,219.97,68.97,0.122,0
SEG_0208,BARAK_VALLEY,11.57,98.9,-0.01054,7.91,1450.4,90.78,178.51,72.95,0.332,0
SEG_0209,MANAS_RIVER_BASIN,40.92,343.45,0.02214,14.08,27.3,73.86,207.4,4.87,0.754,0
SEG_0210,TEESTA_VALLEY,27.81,132.86,-0.0379,7.87,2634.1,16.32,20.05,42.57,0.806,0
SEG_0211,MANAS_RIVER_BASIN,38.93,130.29,0.00937,2.14,2233.6,91.28,153.14,104.84,0.643,0
SEG_0212,BRAHMAPUTRA_BASIN,5.59,151.93,-0.0205,8.8,2028.7,13.89,30.75,67.04,0.357,0
SEG_0213,TEESTA_VALLEY,8.37,139.46,0.03518,7.65,290.1,58.29,215.44,70.83,0.27,0
SEG_0214,SUBANSIRI_VALLEY,50.83,155.15,-0.01811,10.15,1311.7,63.5,176.4,82.61,0.381,0
SEG_0215,SUBANSIRI_VALLEY,26.53,51.33,0.03901,6.84,557.5,12.26,161.46,76.43,0.355,0
SEG_0216,TEESTA_VALLEY,10.06,304.97,0.00311,13.78,2039.2,59.81,26.31,20.08,0.829,0
SEG_0217,BARAK_VALLEY,31.6,48.88,-0.04007,4.92,3241.2,46.86,98.86,37.58,0.21,0
SEG_0218,BRAHMAPUTRA_BASIN,10.81,344.13,-0.0186,14.44,2118.2,83.58,246.0,34.61,0.821,0
SEG_0219,SUBANSIRI_VALLEY,6.55,349.47,0.02735,15.72,1683.0,57.37,42.08,29.63,0.729,0
SEG_0220,MANAS_RIVER_BASIN,14.73,20.75,-0.01576,5.78,3383.1,59.64,86.82,69.66,0.204,0
SEG_0221,BARAK_VALLEY,12.53,294.03,-0.02927,12.95,2576.3,36.74,81.46,95.1,0.446,0
SEG_0222,MANAS_RIVER_BASIN,28.78,195.49,-0.02723,15.5,3184.9,74.27,133.35,104.4,0.198,0
SEG_0223,BARAK_VALLEY,32.47,20.79,0.01808,8.53,139.9,96.3,237.28,61.55,0.17,1
SEG_0224,BRAHMAPUTRA_BASIN,29.57,188.08,0.00627,8.18,2128.0,91.77,90.57,87.09,0.771,0
SEG_0225,BARAK_VALLEY,25.38,297.91,0.02645,10.03,3347.0,27.84,27.32,102.48,0.429,0
SEG_0226,MANAS_RIVER_BASIN,51.32,6.88,-0.00232,11.63,2535.0,71.64,33.61,35.93,0.369,0
SEG_0227,BRAHMAPUTRA_BASIN,21.67,263.9,0.00286,13.11,3467.1,27.86,248.66,10.78,0.102,0
SEG_0228,MANAS_RIVER_BASIN,42.02,51.43,0.02534,12.76,2311.7,78.18,211.48,73.63,0.166,1
SEG_0229,TEESTA_VALLEY,41.16,100.92,0.01874,2.34,1085.4,58.87,158.02,69.24,0.623,0
SEG_0230,TEESTA_VALLEY,30.03,286.03,0.02071,2.7,273.7,45.86,73.82,27.89,0.311,0
SEG_0231,BARAK_VALLEY,6.1,209.97,0.03422,9.69,783.1,13.0,53.66,49.93,0.67,0
SEG_0232,BRAHMAPUTRA_BASIN,34.29,224.92,-0.04282,11.56,861.9,73.54,205.63,96.48,0.514,1
SEG_0233,SUBANSIRI_VALLEY,12.14,279.12,-0.02286,8.95,1009.3,21.91,157.39,6.52,0.661,0
SEG_0234,TEESTA_VALLEY,8.13,302.16,-0.04962,5.46,2598.3,38.15,25.47,43.23,0.303,0
SEG_0235,BARAK_VALLEY,48.33,205.85,0.04072,15.2,1489.9,43.58,234.08,81.02,0.187,1
SEG_0236,SUBANSIRI_VALLEY,36.64,253.39,-0.04956,4.34,2501.4,69.31,241.51,91.32,0.813,0
SEG_0237,TEESTA_VALLEY,19.9,37.93,0.02818,11.02,187.7,42.04,239.2,60.05,0.425,0
SEG_0238,BARAK_VALLEY,23.49,18.85,0.02676,7.83,2881.2,85.68,53.0,78.88,0.454,0
SEG_0239,TEESTA_VALLEY,44.81,271.45,-0.04641,7.53,3259.2,21.19,184.27,116.95,0.139,0
SEG_0240,TEESTA_VALLEY,49.51,103.47,-0.01322,2.81,408.1,55.91,66.9,100.26,0.111,1
SEG_0241,MANAS_RIVER_BASIN,50.55,301.78,0.02094,15.28,129.3,75.52,82.56,108.73,0.3,1
SEG_0242,BRAHMAPUTRA_BASIN,30.95,243.92,-0.01881,12.84,2709.8,56.4,244.0,15.07,0.113,0
SEG_0243,BARAK_VALLEY,24.13,132.38,-0.03183,8.1,1175.7,40.42,184.76,26.79,0.581,0
SEG_0244,MANAS_RIVER_BASIN,37.32,350.71,0.03471,2.33,3147.0,79.7,195.09,54.96,0.399,1
SEG_0245,SUBANSIRI_VALLEY,49.97,255.65,0.04374,10.45,1667.4,15.31,167.91,69.87,0.843,0
SEG_0246,SUBANSIRI_VALLEY,32.22,346.6,-0.04244,7.12,804.3,27.43,35.2,74.69,0.686,0
SEG_0247,MANAS_RIVER_BASIN,18.81,353.4,0.00273,14.69,590.3,67.21,202.47,113.69,0.353,1
SEG_0248,TEESTA_VALLEY,39.5,248.43,0.04306,8.96,821.3,13.97,103.91,36.23,0.671,0
SEG_0249,MANAS_RIVER_BASIN,52.45,346.43,0.01209,15.0,2667.8,58.67,45.08,55.03,0.521,0
SEG_0250,MANAS_RIVER_BASIN,7.5,303.71,0.04812,13.1,2991.2,31.54,240.16,23.63,0.814,0
SEG_0251,BARAK_VALLEY,54.06,205.03,-0.02405,8.12,2085.6,16.5,155.59,117.74,0.243,1
SEG_0252,MANAS_RIVER_BASIN,47.71,278.31,-0.019,5.25,1614.7,79.54,240.04,91.63,0.741,1
SEG_0253,SUBANSIRI_VALLEY,5.61,3.25,-0.0143,14.97,815.8,66.46,55.52,38.6,0.736,0
SEG_0254,MANAS_RIVER_BASIN,17.29,145.0,0.03946,2.01,3156.8,23.69,247.52,114.58,0.471,0
SEG_0255,TEESTA_VALLEY,43.05,133.82,-0.01075,12.56,3216.1,94.63,144.28,42.85,0.691,0
SEG_0256,BARAK_VALLEY,25.78,305.02,0.04022,14.28,3410.8,12.45,209.95,90.21,0.272,0
SEG_0257,TEESTA_VALLEY,13.76,312.04,-0.02175,15.31,2044.0,48.86,145.02,62.0,0.669,0
SEG_0258,BRAHMAPUTRA_BASIN,49.63,151.0,0.02804,8.67,1751.4,28.22,147.78,22.34,0.349,0
SEG_0259,SUBANSIRI_VALLEY,36.8,131.17,-0.02048,14.31,1620.8,18.46,206.69,5.72,0.645,0
SEG_0260,SUBANSIRI_VALLEY,12.58,315.32,0.00391,5.95,1499.8,13.34,31.97,91.87,0.1,0
SEG_0261,TEESTA_VALLEY,8.07,130.38,0.02231,4.81,728.5,10.9,109.37,105.93,0.139,0
SEG_0262,BARAK_VALLEY,38.15,267.08,0.03484,7.92,1074.2,38.95,178.16,98.01,0.236,0
SEG_0263,BARAK_VALLEY,54.98,146.07,-0.02795,12.67,1907.8,23.31,95.17,49.74,0.665,0
SEG_0264,BRAHMAPUTRA_BASIN,29.09,130.22,0.04492,10.85,472.2,59.85,195.18,85.02,0.229,1
SEG_0265,TEESTA_VALLEY,51.65,297.9,0.01972,12.0,1626.8,91.97,173.65,87.48,0.746,1
SEG_0266,MANAS_RIVER_BASIN,12.11,76.82,0.01651,4.2,433.7,78.06,167.76,52.24,0.512,0
SEG_0267,TEESTA_VALLEY,24.03,58.69,0.02862,12.28,1357.6,12.24,209.75,1.37,0.628,0
SEG_0268,SUBANSIRI_VALLEY,32.95,180.39,0.02062,9.48,1901.8,48.23,77.21,57.87,0.189,0
SEG_0269,BARAK_VALLEY,52.62,81.62,0.03793,13.32,2376.5,65.63,79.14,97.97,0.476,0
SEG_0270,BARAK_VALLEY,47.53,353.49,0.0128,5.47,586.6,26.64,4.95,46.88,0.244,0
SEG_0271,SUBANSIRI_VALLEY,36.06,120.26,0.02327,7.66,257.9,79.75,71.44,51.93,0.614,0
SEG_0272,SUBANSIRI_VALLEY,54.1,282.55,0.02335,3.63,2737.9,79.89,150.28,118.84,0.344,1
SEG_0273,BRAHMAPUTRA_BASIN,50.74,4.13,-0.00499,15.68,378.9,58.75,244.74,66.66,0.242,1
SEG_0274,TEESTA_VALLEY,24.88,95.14,-0.02947,8.76,954.5,35.58,164.19,116.22,0.553,0
SEG_0275,BARAK_VALLEY,8.78,342.51,-0.02027,3.29,2104.7,65.5,162.13,32.09,0.111,0
SEG_0276,TEESTA_VALLEY,31.29,89.83,-0.0498,4.44,427.4,49.97,153.06,25.57,0.804,0
SEG_0277,MANAS_RIVER_BASIN,15.13,211.53,0.02011,11.52,1440.4,11.37,145.73,30.37,0.438,0
SEG_0278,MANAS_RIVER_BASIN,35.86,266.19,-0.02853,11.31,1753.2,76.11,81.76,106.81,0.163,1
SEG_0279,TEESTA_VALLEY,26.7,93.14,-0.00656,12.13,51.5,62.46,153.32,76.52,0.282,0
SEG_0280,TEESTA_VALLEY,45.92,18.01,0.04115,2.41,1258.8,11.41,19.29,109.34,0.366,0
SEG_0281,BRAHMAPUTRA_BASIN,41.64,218.42,0.01729,3.14,3331.2,84.63,201.27,98.76,0.8,0
SEG_0282,BRAHMAPUTRA_BASIN,30.68,91.21,0.04877,6.08,2702.2,48.05,51.55,95.97,0.35,0
SEG_0283,SUBANSIRI_VALLEY,23.42,322.32,0.01665,13.02,1601.1,66.09,62.1,84.66,0.421,0
SEG_0284,MANAS_RIVER_BASIN,44.2,150.98,1e-05,12.99,2104.0,27.9,147.56,48.92,0.452,0
SEG_0285,SUBANSIRI_VALLEY,15.5,101.17,0.0213,2.16,1442.5,92.24,27.97,61.97,0.69,0
SEG_0286,BARAK_VALLEY,10.52,104.11,-0.01902,5.5,1812.2,57.66,89.22,42.45,0.721,0
SEG_0287,TEESTA_VALLEY,46.41,77.78,0.03093,13.01,2220.1,43.24,67.87,27.81,0.339,0
SEG_0288,TEESTA_VALLEY,47.94,243.7,0.03379,14.02,2624.3,49.09,152.64,19.24,0.605,0
SEG_0289,MANAS_RIVER_BASIN,41.1,138.53,-0.00106,8.01,2597.4,86.8,132.97,94.73,0.323,0
SEG_0290,BARAK_VALLEY,41.62,317.4,-0.03785,10.88,2045.9,20.54,52.97,37.32,0.225,0
SEG_0291,BARAK_VALLEY,21.78,269.78,0.00719,15.81,1463.3,77.09,217.87,81.48,0.409,1
SEG_0292,BRAHMAPUTRA_BASIN,25.6,313.39,0.01314,9.46,421.6,63.9,29.3,40.46,0.207,0
SEG_0293,BRAHMAPUTRA_BASIN,30.61,41.14,0.02648,11.5,2710.0,94.68,194.12,73.36,0.743,0
SEG_0294,MANAS_RIVER_BASIN,36.42,247.91,-0.02467,2.14,2537.6,57.67,209.03,98.57,0.732,1
SEG_0295,BARAK_VALLEY,11.37,102.78,0.00316,9.15,2875.7,46.01,121.09,1.6,0.407,0
SEG_0296,SUBANSIRI_VALLEY,14.09,267.51,0.03479,9.64,3436.3,50.09,128.34,118.71,0.274,0
SEG_0297,MANAS_RIVER_BASIN,32.95,115.62,-0.02799,6.91,1316.4,16.12,92.39,55.71,0.642,0
SEG_0298,BARAK_VALLEY,23.96,299.29,0.03423,7.23,2219.3,18.49,25.92,5.84,0.536,0
SEG_0299,TEESTA_VALLEY,34.19,281.51,0.02517,13.24,1822.7,22.49,167.79,74.46,0.657,0
SEG_0300,SUBANSIRI_VALLEY,24.54,57.12,-0.02418,10.48,1527.4,78.91,213.15,65.0,0.669,0
SEG_0301,SUBANSIRI_VALLEY,28.7,257.9,-0.02291,4.83,1112.1,31.49,53.73,50.98,0.781,0
SEG_0302,TEESTA_VALLEY,34.23,48.11,-0.00561,8.31,3355.6,48.37,137.34,63.99,0.578,0
SEG_0303,BARAK_VALLEY,36.82,116.82,-0.02305,4.67,2437.4,29.47,148.83,31.76,0.596,0
SEG_0304,SUBANSIRI_VALLEY,43.68,269.22,-0.03494,5.04,1634.7,33.5,103.81,106.62,0.718,0
SEG_0305,SUBANSIRI_VALLEY,6.95,240.07,-0.0177,14.57,3110.7,38.95,225.24,119.54,0.719,0
SEG_0306,MANAS_RIVER_BASIN,8.36,34.17,0.04989,6.57,2623.7,81.79,214.51,119.72,0.281,1
SEG_0307,MANAS_RIVER_BASIN,20.91,346.02,0.03917,13.89,1432.9,11.22,20.06,37.46,0.112,0
SEG_0308,BARAK_VALLEY,5.27,337.83,-0.00852,7.63,1379.3,16.17,159.58,87.96,0.607,0
SEG_0309,MANAS_RIVER_BASIN,24.46,82.4,0.00969,14.99,3253.4,40.43,131.92,25.4,0.847,0
SEG_0310,TEESTA_VALLEY,30.2,341.71,0.03328,7.07,3025.5,19.8,231.26,75.8,0.141,0
SEG_0311,BARAK_VALLEY,39.86,233.51,-0.02247,4.19,2233.1,63.34,44.84,84.62,0.441,0
SEG_0312,BRAHMAPUTRA_BASIN,5.96,280.48,0.01097,11.79,2936.8,81.45,240.23,64.31,0.466,0
SEG_0313,MANAS_RIVER_BASIN,12.68,206.14,-0.0223,14.9,2049.5,62.76,88.73,6.24,0.124,0
SEG_0314,SUBANSIRI_VALLEY,49.05,317.85,0.0159,4.96,3023.2,88.86,49.16,88.49,0.315,0
SEG_0315,TEESTA_VALLEY,54.86,10.81,0.03974,10.72,3407.4,51.39,211.85,7.49,0.351,0
SEG_0316,MANAS_RIVER_BASIN,9.26,138.82,-0.0429,4.95,818.2,51.75,67.14,12.12,0.226,0
SEG_0317,MANAS_RIVER_BASIN,31.49,354.71,-0.0334,3.6,50.3,23.85,51.82,75.67,0.265,0
SEG_0318,MANAS_RIVER_BASIN,8.13,75.78,0.0309,4.06,1212.4,86.95,38.73,9.93,0.463,0
SEG_0319,BARAK_VALLEY,33.17,289.37,-0.03629,10.13,1779.2,22.82,156.0,32.84,0.466,0
SEG_0320,BRAHMAPUTRA_BASIN,46.12,20.51,-0.00814,8.42,2543.0,61.11,166.8,93.25,0.747,0
SEG_0321,MANAS_RIVER_BASIN,54.47,320.23,-0.01285,4.73,1723.1,76.01,123.14,57.98,0.729,0
SEG_0322,BRAHMAPUTRA_BASIN,11.16,251.47,-0.00839,9.19,3163.5,89.2,204.46,61.22,0.652,0
SEG_0323,SUBANSIRI_VALLEY,29.48,232.11,-0.02702,9.74,1315.2,68.89,35.31,68.51,0.239,0
SEG_0324,MANAS_RIVER_BASIN,25.33,325.15,0.01039,10.07,1964.5,43.03,196.41,30.34,0.804,0
SEG_0325,BARAK_VALLEY,21.87,262.61,0.00732,6.73,3460.1,12.25,63.16,62.41,0.491,0
SEG_0326,MANAS_RIVER_BASIN,48.53,285.33,0.01273,12.5,549.1,50.79,87.8,11.25,0.465,0
SEG_0327,BRAHMAPUTRA_BASIN,52.43,340.08,0.01099,14.94,2754.6,62.51,1.61,92.7,0.627,0
SEG_0328,TEESTA_VALLEY,40.2,336.66,-0.01242,11.91,1675.4,70.02,190.72,5.45,0.585,0
SEG_0329,BARAK_VALLEY,35.76,327.82,0.00099,9.02,194.8,13.11,137.79,52.58,0.729,0
SEG_0330,SUBANSIRI_VALLEY,41.23,40.17,0.01083,5.93,623.8,43.8,200.36,47.05,0.663,0
SEG_0331,BARAK_VALLEY,37.58,75.88,0.00565,13.99,2926.0,92.53,91.47,38.17,0.662,0
SEG_0332,TEESTA_VALLEY,16.72,124.23,-0.04699,15.46,2344.2,93.06,66.37,73.38,0.609,0
SEG_0333,SUBANSIRI_VALLEY,47.41,340.98,0.03849,12.35,985.6,35.06,240.84,1.23,0.637,0
SEG_0334,BARAK_VALLEY,20.59,122.39,-0.04211,8.2,928.4,40.56,208.64,112.26,0.239,1
SEG_0335,BRAHMAPUTRA_BASIN,51.43,22.25,-0.04076,4.28,2091.3,23.39,242.02,53.61,0.476,0
SEG_0336,BRAHMAPUTRA_BASIN,50.24,233.11,-0.0227,4.48,1044.0,20.22,235.38,94.1,0.447,0
SEG_0337,TEESTA_VALLEY,38.18,148.03,-0.00976,14.38,3136.6,90.92,78.47,82.93,0.304,0
SEG_0338,BRAHMAPUTRA_BASIN,35.19,310.73,0.03225,4.43,1710.6,20.41,170.54,113.99,0.203,0
SEG_0339,TEESTA_VALLEY,13.22,41.97,0.00467,14.63,1217.0,75.24,164.67,111.79,0.716,1
SEG_0340,BARAK_VALLEY,25.54,201.81,0.04427,3.16,903.7,79.42,24.68,9.08,0.371,0
SEG_0341,BARAK_VALLEY,54.03,77.29,-0.04328,10.33,2591.3,12.89,164.68,63.88,0.177,0
SEG_0342,MANAS_RIVER_BASIN,17.31,152.48,0.02936,2.44,2741.5,31.37,36.08,13.88,0.12,0
SEG_0343,TEESTA_VALLEY,27.9,81.55,0.0114,5.54,2030.2,41.97,205.89,98.48,0.458,0
SEG_0344,TEESTA_VALLEY,21.41,75.26,-0.04153,8.53,1697.8,84.84,55.31,45.72,0.706,0
SEG_0345,MANAS_RIVER_BASIN,24.23,165.28,-0.01967,15.06,432.9,93.1,170.97,63.79,0.124,0
SEG_0346,BARAK_VALLEY,37.82,349.61,0.00622,12.01,258.2,47.17,29.09,73.54,0.804,0
SEG_0347,SUBANSIRI_VALLEY,39.67,233.36,-0.02685,11.54,3291.8,14.16,79.91,52.58,0.774,0
SEG_0348,SUBANSIRI_VALLEY,25.66,243.3,0.01582,2.98,1395.5,26.18,39.2,99.28,0.131,0
SEG_0349,MANAS_RIVER_BASIN,16.0,186.58,0.02101,3.34,1125.6,96.21,65.59,37.57,0.727,0
SEG_0350,BRAHMAPUTRA_BASIN,20.83,102.85,-0.04086,6.41,169.8,79.51,99.56,53.27,0.77,0
SEG_0351,MANAS_RIVER_BASIN,5.4,339.54,-0.02629,3.51,2693.1,54.54,108.44,29.94,0.511,0
SEG_0352,BARAK_VALLEY,32.97,298.26,0.02128,11.75,1148.7,30.82,52.72,102.86,0.715,0
SEG_0353,BARAK_VALLEY,52.34,144.08,0.02833,5.72,3466.4,12.29,150.88,79.14,0.616,0
SEG_0354,MANAS_RIVER_BASIN,20.36,196.73,-0.00828,4.24,614.9,47.21,189.32,107.76,0.163,0
SEG_0355,BRAHMAPUTRA_BASIN,22.03,289.79,-0.04476,4.23,1188.0,16.84,58.75,99.62,0.811,0
SEG_0356,BRAHMAPUTRA_BASIN,51.32,151.07,-0.04494,2.55,2017.3,44.97,7.16,69.99,0.108,0
SEG_0357,SUBANSIRI_VALLEY,20.69,89.23,0.01977,7.1,1990.4,10.56,15.47,64.24,0.525,0
SEG_0358,SUBANSIRI_VALLEY,26.31,299.65,0.03056,5.14,806.8,82.74,232.6,11.44,0.438,0
SEG_0359,MANAS_RIVER_BASIN,36.32,103.44,-0.02203,6.65,2326.5,87.49,189.77,87.3,0.463,1
SEG_0360,MANAS_RIVER_BASIN,33.6,289.96,0.02602,4.15,539.4,33.87,90.27,49.01,0.61,0
SEG_0361,MANAS_RIVER_BASIN,46.37,210.54,-0.01625,13.24,877.9,96.87,86.2,40.48,0.334,1
SEG_0362,TEESTA_VALLEY,12.06,196.41,-0.03944,2.63,2304.2,57.63,20.51,4.19,0.842,0
SEG_0363,MANAS_RIVER_BASIN,54.63,56.23,0.04884,15.68,2782.5,68.69,144.45,103.93,0.317,1
SEG_0364,SUBANSIRI_VALLEY,27.32,222.76,0.01654,9.01,2264.1,12.09,107.41,33.47,0.197,0
SEG_0365,MANAS_RIVER_BASIN,43.98,5.83,0.03184,2.56,3116.9,98.28,73.52,25.24,0.674,0
SEG_0366,SUBANSIRI_VALLEY,8.05,103.62,-0.04067,15.49,490.1,23.51,222.39,113.27,0.674,0
SEG_0367,BRAHMAPUTRA_BASIN,33.77,154.46,-0.02241,12.76,807.4,71.62,58.33,75.04,0.66,0
SEG_0368,SUBANSIRI_VALLEY,40.07,40.84,0.04969,4.57,2087.6,46.61,31.6,3.34,0.567,0
SEG_0369,TEESTA_VALLEY,17.93,10.03,0.01314,7.97,1927.5,25.54,73.98,79.66,0.824,0
SEG_0370,MANAS_RIVER_BASIN,8.47,32.36,0.01009,6.77,3212.1,46.19,35.82,85.77,0.32,0
SEG_0371,MANAS_RIVER_BASIN,50.01,285.19,0.01764,11.51,3311.8,36.33,0.28,32.63,0.263,0
SEG_0372,SUBANSIRI_VALLEY,21.18,239.42,0.00566,6.8,488.3,18.4,207.88,110.21,0.587,0
SEG_0373,MANAS_RIVER_BASIN,49.71,232.17,-0.02117,6.18,3121.4,11.21,80.68,66.52,0.211,0
SEG_0374,TEESTA_VALLEY,24.2,239.86,0.04888,5.16,1376.9,52.72,34.5,9.72,0.722,0
SEG_0375,BARAK_VALLEY,31.59,314.5,0.04956,10.16,2847.4,39.1,76.44,48.32,0.604,0
SEG_0376,BARAK_VALLEY,23.23,265.86,0.01666,3.67,2012.8,32.85,201.02,51.11,0.846,0
SEG_0377,BARAK_VALLEY,35.96,67.19,-0.04743,5.98,1561.8,64.92,212.49,23.55,0.194,1
SEG_0378,SUBANSIRI_VALLEY,43.58,234.68,0.03324,15.66,1670.1,15.94,12.02,35.48,0.799,0
SEG_0379,BRAHMAPUTRA_BASIN,29.91,248.15,-0.02477,6.31,2155.5,89.92,202.48,69.98,0.648,1
SEG_0380,MANAS_RIVER_BASIN,54.83,252.16,0.02704,6.72,3296.7,57.14,183.1,110.89,0.831,0
SEG_0381,MANAS_RIVER_BASIN,40.11,119.29,0.01757,7.54,2651.8,50.42,103.07,112.17,0.288,0
SEG_0382,TEESTA_VALLEY,23.89,22.33,-0.01607,9.08,583.5,68.57,249.44,54.21,0.366,0
SEG_0383,MANAS_RIVER_BASIN,48.63,162.75,0.04858,2.0,2156.6,64.86,114.36,47.63,0.442,0
SEG_0384,TEESTA_VALLEY,52.73,54.52,-0.00226,10.43,2044.4,45.73,84.52,15.22,0.394,0
SEG_0385,BRAHMAPUTRA_BASIN,6.9,223.19,0.01982,5.01,166.0,42.36,24.65,13.98,0.291,0
SEG_0386,BARAK_VALLEY,33.29,326.89,-0.01037,6.15,519.3,23.48,108.19,71.48,0.16,0
SEG_0387,BRAHMAPUTRA_BASIN,28.5,180.9,-0.02992,6.41,2774.1,91.51,89.95,36.84,0.246,0
SEG_0388,BRAHMAPUTRA_BASIN,53.55,63.78,0.02221,2.56,1430.9,55.95,145.16,112.31,0.604,1
SEG_0389,TEESTA_VALLEY,12.46,282.93,0.01179,6.79,3061.1,11.15,56.67,68.03,0.364,0
SEG_0390,SUBANSIRI_VALLEY,7.73,215.81,0.04024,7.37,772.8,49.39,12.09,98.46,0.72,0
SEG_0391,BRAHMAPUTRA_BASIN,18.22,181.28,-0.04319,5.05,3275.1,51.48,111.35,1.75,0.286,0
SEG_0392,SUBANSIRI_VALLEY,5.72,172.2,-0.0479,13.47,2890.5,80.11,70.84,100.47,0.507,0
SEG_0393,BRAHMAPUTRA_BASIN,9.01,159.06,-0.03366,4.58,724.0,44.42,12.79,47.74,0.484,0
SEG_0394,BRAHMAPUTRA_BASIN,12.27,182.05,-0.0438,3.0,2017.1,60.38,219.51,66.94,0.82,0
SEG_0395,TEESTA_VALLEY,50.88,280.01,0.03223,14.64,1846.7,50.16,82.6,70.71,0.441,0
SEG_0396,TEESTA_VALLEY,11.35,44.38,0.00186,5.44,1266.3,98.07,171.08,113.88,0.207,1
SEG_0397,MANAS_RIVER_BASIN,9.56,102.92,0.01724,4.38,212.8,39.47,191.49,49.64,0.59,0
SEG_0398,TEESTA_VALLEY,9.92,344.42,0.00994,12.2,1117.5,44.99,59.23,11.64,0.234,0
SEG_0399,BRAHMAPUTRA_BASIN,38.88,196.89,-0.00249,14.91,273.1,34.97,87.48,93.89,0.844,0
SEG_0400,MANAS_RIVER_BASIN,16.23,143.76,-0.00903,15.7,649.5,81.13,83.55,87.7,0.415,0
SEG_0401,BARAK_VALLEY,23.61,187.88,-0.0432,4.54,3351.0,89.22,163.07,55.16,0.607,0
SEG_0402,SUBANSIRI_VALLEY,38.77,142.56,-0.0367,4.22,3323.5,88.28,226.76,118.98,0.256,1
SEG_0403,BARAK_VALLEY,38.46,174.17,-0.00816,7.01,2086.4,61.23,40.36,56.61,0.515,0
SEG_0404,BARAK_VALLEY,46.37,91.63,-0.0027,2.61,2453.7,39.42,186.18,49.49,0.247,0
SEG_0405,MANAS_RIVER_BASIN,29.41,47.95,-0.02387,7.87,2105.6,55.72,72.05,0.78,0.472,0
SEG_0406,MANAS_RIVER_BASIN,20.93,37.68,-0.03714,10.03,231.9,12.75,178.6,43.4,0.194,0
SEG_0407,BARAK_VALLEY,49.83,70.67,-0.04774,14.06,2028.4,89.27,149.24,97.22,0.422,1
SEG_0408,TEESTA_VALLEY,21.37,59.26,-0.03188,13.07,1358.9,48.8,148.51,70.76,0.151,0
SEG_0409,TEESTA_VALLEY,9.08,31.6,-0.03282,9.25,764.7,35.21,100.08,97.42,0.11,0
SEG_0410,TEESTA_VALLEY,19.68,95.76,-0.01672,9.8,2480.4,68.97,201.93,106.31,0.712,0
SEG_0411,SUBANSIRI_VALLEY,54.85,259.26,-0.02128,14.32,191.3,30.57,224.35,30.74,0.265,1
SEG_0412,BRAHMAPUTRA_BASIN,50.59,14.5,0.00122,11.53,3262.3,65.21,200.94,10.05,0.389,0
SEG_0413,BRAHMAPUTRA_BASIN,44.09,275.71,0.01917,15.52,1389.6,21.63,167.93,87.52,0.531,0
SEG_0414,BRAHMAPUTRA_BASIN,12.36,74.37,-0.01867,10.9,1406.0,10.61,130.85,110.58,0.709,0
SEG_0415,TEESTA_VALLEY,23.51,270.46,0.0397,13.85,656.2,95.11,94.17,40.71,0.147,0
SEG_0416,BRAHMAPUTRA_BASIN,20.85,291.18,0.03755,6.23,3008.3,86.29,191.16,17.6,0.618,0
SEG_0417,MANAS_RIVER_BASIN,21.41,19.36,0.01694,5.24,867.6,37.24,15.92,21.26,0.104,0
SEG_0418,BARAK_VALLEY,45.6,340.47,-0.01871,14.02,478.3,72.75,185.49,81.33,0.289,1
SEG_0419,BARAK_VALLEY,36.92,110.57,0.03597,15.43,777.6,17.85,48.63,98.47,0.607,0
SEG_0420,MANAS_RIVER_BASIN,30.56,217.55,-0.00391,13.6,2906.9,73.14,26.35,100.66,0.603,0
SEG_0421,MANAS_RIVER_BASIN,51.11,51.12,-0.01958,3.95,2149.8,37.26,81.53,8.51,0.362,0
SEG_0422,BARAK_VALLEY,36.48,310.85,-0.03677,15.69,2047.5,98.6,227.88,26.58,0.142,1
SEG_0423,SUBANSIRI_VALLEY,31.38,61.77,-0.03325,8.48,135.8,20.85,103.97,7.58,0.398,0
SEG_0424,TEESTA_VALLEY,34.77,149.45,-0.00778,12.99,701.1,83.0,162.19,50.28,0.444,0
SEG_0425,BRAHMAPUTRA_BASIN,7.3,335.1,0.01608,12.45,1104.3,85.26,64.9,0.2,0.382,0
SEG_0426,BRAHMAPUTRA_BASIN,15.98,0.08,0.0415,13.81,2603.2,24.94,30.09,8.11,0.643,0
SEG_0427,TEESTA_VALLEY,16.59,254.0,-0.01923,5.39,274.1,76.22,177.75,28.14,0.662,0
SEG_0428,TEESTA_VALLEY,24.59,288.86,-0.01588,8.22,2371.0,55.29,215.36,103.92,0.107,0
SEG_0429,BRAHMAPUTRA_BASIN,31.75,13.57,0.03081,6.49,1977.3,34.87,195.63,106.38,0.399,0
SEG_0430,BRAHMAPUTRA_BASIN,22.28,2.51,-0.00965,5.29,2869.7,40.02,206.88,0.07,0.331,0
SEG_0431,TEESTA_VALLEY,11.85,193.53,-0.03151,7.99,233.8,29.93,90.82,52.64,0.833,0
SEG_0432,BRAHMAPUTRA_BASIN,10.34,343.23,-0.04398,6.17,1057.3,38.52,41.07,93.98,0.192,0
SEG_0433,BARAK_VALLEY,21.31,7.47,0.02609,2.6,3029.0,20.56,42.97,57.18,0.653,0
SEG_0434,BRAHMAPUTRA_BASIN,30.59,277.0,0.04348,14.73,2872.3,89.05,49.8,34.1,0.317,0
SEG_0435,MANAS_RIVER_BASIN,24.67,196.04,-0.03401,11.68,603.1,37.62,125.84,95.57,0.655,0
SEG_0436,MANAS_RIVER_BASIN,25.07,285.53,-0.02795,4.6,3328.8,28.68,65.23,116.35,0.651,0
SEG_0437,SUBANSIRI_VALLEY,13.95,141.2,0.04478,3.98,2677.0,19.67,245.31,45.79,0.681,0
SEG_0438,MANAS_RIVER_BASIN,12.3,337.7,0.04176,14.42,2196.5,81.94,17.26,40.17,0.335,0
SEG_0439,BRAHMAPUTRA_BASIN,12.43,214.73,0.03144,7.35,480.3,27.51,59.37,35.99,0.582,0
SEG_0440,BARAK_VALLEY,40.63,69.54,-0.00287,8.62,1336.2,56.04,103.28,23.92,0.409,0
SEG_0441,BRAHMAPUTRA_BASIN,20.81,20.07,0.01098,5.37,1366.1,17.17,36.79,35.76,0.167,0
SEG_0442,TEESTA_VALLEY,22.14,40.14,0.00704,10.14,2507.1,31.38,110.94,33.88,0.161,0
SEG_0443,TEESTA_VALLEY,14.77,59.84,0.04165,6.59,1314.8,77.62,84.71,114.25,0.653,0
SEG_0444,TEESTA_VALLEY,20.7,179.71,-0.02834,14.22,323.1,53.38,172.85,31.41,0.568,0
SEG_0445,MANAS_RIVER_BASIN,14.52,330.2,0.00536,6.19,1519.4,37.79,181.28,95.56,0.725,0
SEG_0446,SUBANSIRI_VALLEY,45.25,304.21,-0.01049,2.72,1418.5,69.96,112.59,89.88,0.368,1
SEG_0447,SUBANSIRI_VALLEY,14.32,269.77,0.00457,4.86,1035.9,76.63,120.65,25.92,0.825,0
SEG_0448,SUBANSIRI_VALLEY,53.11,192.83,0.01183,11.53,2340.2,55.48,107.19,6.45,0.117,0
SEG_0449,MANAS_RIVER_BASIN,38.17,302.08,0.00507,4.14,2553.8,63.42,182.81,92.37,0.832,0
SEG_0450,MANAS_RIVER_BASIN,30.78,179.01,-0.03216,3.51,2950.5,64.66,81.46,23.01,0.517,0
SEG_0451,BARAK_VALLEY,22.0,313.07,-0.04119,12.88,2969.5,26.18,107.59,19.86,0.63,0
SEG_0452,MANAS_RIVER_BASIN,19.32,186.51,0.0248,13.71,2471.1,92.65,184.69,36.75,0.299,0
SEG_0453,BRAHMAPUTRA_BASIN,51.51,189.93,-0.02411,2.74,2546.8,20.8,75.69,63.9,0.523,0
SEG_0454,BRAHMAPUTRA_BASIN,40.59,323.41,0.00827,3.74,442.5,74.18,45.95,39.41,0.465,0
SEG_0455,TEESTA_VALLEY,35.12,176.32,0.00287,6.68,1827.2,27.58,201.29,22.29,0.164,0
SEG_0456,BRAHMAPUTRA_BASIN,18.84,200.94,-0.0153,15.06,3230.8,54.71,81.97,88.46,0.128,0
SEG_0457,SUBANSIRI_VALLEY,20.8,306.8,-0.04591,2.7,2189.8,15.62,81.15,80.73,0.353,0
SEG_0458,TEESTA_VALLEY,26.46,26.96,-0.03938,13.72,854.6,27.35,126.23,92.25,0.146,0
SEG_0459,BRAHMAPUTRA_BASIN,28.31,285.1,-0.00977,7.95,1352.4,74.0,136.88,113.25,0.288,1
SEG_0460,SUBANSIRI_VALLEY,27.45,207.94,0.00709,6.65,1118.1,19.49,91.7,11.94,0.675,0
SEG_0461,BARAK_VALLEY,48.43,203.27,0.00166,5.98,1819.9,85.49,171.29,34.81,0.251,0
SEG_0462,SUBANSIRI_VALLEY,51.23,20.24,-0.00144,14.78,2144.1,58.63,62.44,41.19,0.739,0
SEG_0463,BARAK_VALLEY,10.12,270.64,0.04062,12.41,1874.2,86.6,173.73,1.27,0.396,0
SEG_0464,SUBANSIRI_VALLEY,45.1,57.81,0.00373,4.69,2522.9,34.17,79.05,101.4,0.457,0
SEG_0465,SUBANSIRI_VALLEY,38.82,108.35,-0.0316,12.59,1670.1,30.1,154.16,4.84,0.345,0
SEG_0466,BARAK_VALLEY,47.36,74.16,0.04521,6.79,3450.6,84.64,202.14,38.15,0.107,0
SEG_0467,BRAHMAPUTRA_BASIN,45.83,318.69,-0.04133,9.54,3198.0,44.53,207.39,16.04,0.802,0
SEG_0468,BRAHMAPUTRA_BASIN,26.43,226.26,-0.02848,10.78,3234.4,98.78,8.11,28.27,0.333,0
SEG_0469,MANAS_RIVER_BASIN,24.36,101.8,-0.01955,15.76,2256.9,73.87,244.15,45.26,0.701,0
SEG_0470,BRAHMAPUTRA_BASIN,42.04,195.33,0.01536,5.84,2083.8,53.54,33.34,29.11,0.319,0
SEG_0471,SUBANSIRI_VALLEY,16.52,104.13,-0.01306,11.29,431.5,94.9,216.39,69.27,0.606,1
SEG_0472,BRAHMAPUTRA_BASIN,51.7,47.18,0.02974,9.11,2631.2,37.65,128.62,102.82,0.45,0
SEG_0473,BRAHMAPUTRA_BASIN,34.1,287.21,0.03644,8.4,1673.4,44.36,241.68,83.66,0.162,1
SEG_0474,TEESTA_VALLEY,10.56,10.95,0.02269,14.24,788.1,24.1,15.55,98.72,0.334,0
SEG_0475,MANAS_RIVER_BASIN,19.54,168.99,0.03579,6.27,690.5,21.49,74.46,93.61,0.454,0
SEG_0476,SUBANSIRI_VALLEY,23.79,295.4,-0.04929,8.39,1165.7,14.67,112.56,30.57,0.364,0
SEG_0477,BARAK_VALLEY,31.08,44.87,0.04614,10.9,2685.2,17.05,11.76,2.33,0.242,0
SEG_0478,BARAK_VALLEY,6.36,282.06,-0.04895,12.67,3128.7,48.52,133.89,57.24,0.392,0
SEG_0479,TEESTA_VALLEY,49.7,120.89,0.01151,14.98,3368.0,55.3,113.21,33.44,0.819,0
SEG_0480,TEESTA_VALLEY,18.95,145.79,0.04988,2.77,2033.3,17.35,38.63,52.75,0.483,0
SEG_0481,SUBANSIRI_VALLEY,20.82,31.31,-0.01968,15.53,3307.6,39.8,142.71,109.15,0.105,0
SEG_0482,TEESTA_VALLEY,6.2,192.29,0.01883,12.48,761.7,87.18,238.96,28.41,0.762,0
SEG_0483,MANAS_RIVER_BASIN,7.79,46.52,-0.04423,13.83,225.5,34.18,25.94,35.45,0.168,0
SEG_0484,BARAK_VALLEY,13.52,138.43,-0.0153,8.05,2740.6,53.09,198.5,69.18,0.357,0
SEG_0485,SUBANSIRI_VALLEY,40.27,67.5,0.02506,5.3,519.5,26.5,45.52,61.54,0.734,0
SEG_0486,BARAK_VALLEY,11.97,204.91,0.0368,10.16,2518.7,43.11,23.11,54.95,0.396,0
SEG_0487,BARAK_VALLEY,40.91,44.79,0.00996,9.7,1808.6,71.42,209.36,38.76,0.767,0
SEG_0488,SUBANSIRI_VALLEY,16.52,38.31,0.03218,3.95,2620.6,14.26,237.13,85.34,0.105,0
SEG_0489,SUBANSIRI_VALLEY,53.75,148.0,-0.00553,10.07,3442.0,31.5,170.32,85.92,0.555,0
SEG_0490,BRAHMAPUTRA_BASIN,34.81,266.25,-0.0289,13.78,125.6,85.1,115.08,26.11,0.2,0
SEG_0491,BRAHMAPUTRA_BASIN,10.95,24.81,-0.00165,5.08,903.9,88.11,22.39,85.84,0.303,0
SEG_0492,TEESTA_VALLEY,15.87,132.0,-0.01091,15.67,3342.2,81.21,60.41,8.16,0.338,0
SEG_0493,SUBANSIRI_VALLEY,26.61,32.94,0.02466,2.18,2262.8,26.27,58.1,76.28,0.845,0
SEG_0494,SUBANSIRI_VALLEY,39.67,275.85,-0.01959,13.36,1042.8,49.72,181.75,83.15,0.841,0
SEG_0495,TEESTA_VALLEY,10.22,204.83,0.00315,8.41,1400.8,48.38,142.32,0.25,0.296,0
SEG_0496,MANAS_RIVER_BASIN,33.47,227.42,0.00187,2.72,830.3,53.79,77.56,21.81,0.478,0
SEG_0497,TEESTA_VALLEY,7.64,160.62,0.0054,6.17,1603.7,24.56,76.03,74.53,0.326,0
SEG_0498,SUBANSIRI_VALLEY,6.94,179.84,0.02648,5.72,2827.6,32.41,205.94,10.23,0.75,0
SEG_0499,BARAK_VALLEY,19.63,196.35,-0.03666,11.68,2786.6,24.54,26.08,17.46,0.758,0
SEG_0500,BARAK_VALLEY,50.53,156.84,-0.03709,12.39,2258.0,38.1,155.38,26.38,0.434,0
SEG_0501,MANAS_RIVER_BASIN,11.68,139.21,0.03211,15.57,1599.7,55.12,143.04,111.88,0.744,0
SEG_0502,BARAK_VALLEY,44.45,217.04,0.01542,15.97,280.9,29.85,101.97,41.73,0.116,0
SEG_0503,SUBANSIRI_VALLEY,46.09,232.67,0.01473,3.8,2282.7,97.44,227.95,52.7,0.13,1
SEG_0504,SUBANSIRI_VALLEY,34.63,297.01,0.03583,8.49,2749.3,94.27,68.79,47.76,0.799,0
SEG_0505,TEESTA_VALLEY,54.05,238.25,0.03169,12.49,2454.4,37.32,14.27,41.17,0.6,0
SEG_0506,MANAS_RIVER_BASIN,27.45,165.35,-0.0423,11.39,2878.0,31.77,105.33,100.66,0.758,0
SEG_0507,TEESTA_VALLEY,32.53,69.3,-0.03981,14.76,2875.4,77.64,12.19,101.25,0.429,0
SEG_0508,BRAHMAPUTRA_BASIN,42.66,261.88,0.03696,4.65,1416.0,94.35,99.15,14.98,0.494,0
SEG_0509,MANAS_RIVER_BASIN,21.34,125.86,0.00963,5.84,112.6,75.44,156.41,69.69,0.656,0
SEG_0510,SUBANSIRI_VALLEY,19.19,249.79,-0.01942,12.63,2176.7,16.89,128.21,41.2,0.346,0
SEG_0511,MANAS_RIVER_BASIN,21.12,279.68,-0.04292,11.25,2836.0,69.88,124.31,114.04,0.325,0
SEG_0512,MANAS_RIVER_BASIN,6.67,208.73,-0.03335,11.97,632.1,30.95,123.59,109.78,0.259,0
SEG_0513,BRAHMAPUTRA_BASIN,42.95,180.22,0.04118,4.05,2267.8,30.73,39.19,82.01,0.545,0
SEG_0514,BARAK_VALLEY,51.4,59.55,-0.04977,15.78,3173.4,14.93,208.26,54.94,0.294,0
SEG_0515,TEESTA_VALLEY,49.79,37.25,0.01566,14.7,607.2,96.18,113.22,113.49,0.608,1
SEG_0516,SUBANSIRI_VALLEY,12.19,37.68,-0.00771,13.14,512.0,21.6,160.86,23.66,0.173,0
SEG_0517,SUBANSIRI_VALLEY,9.34,85.27,-0.03351,3.74,1293.3,30.42,54.58,6.56,0.113,0
SEG_0518,BARAK_VALLEY,46.62,356.98,-0.03364,11.68,2366.5,97.22,246.4,82.4,0.283,1
SEG_0519,SUBANSIRI_VALLEY,18.75,80.5,0.03571,13.44,1580.2,53.54,54.44,9.4,0.53,0
SEG_0520,BARAK_VALLEY,13.74,314.91,0.02374,5.54,254.2,33.85,228.05,75.98,0.641,0
SEG_0521,BRAHMAPUTRA_BASIN,6.41,135.12,0.01268,4.05,2884.1,30.92,163.07,48.62,0.547,0
SEG_0522,BRAHMAPUTRA_BASIN,5.35,289.98,-0.04232,7.79,2382.5,31.07,20.99,92.4,0.573,0
SEG_0523,MANAS_RIVER_BASIN,53.87,347.17,-0.03363,6.19,368.5,34.18,203.99,45.4,0.166,0
SEG_0524,MANAS_RIVER_BASIN,50.31,49.58,-0.04457,2.26,519.8,68.56,181.87,94.38,0.283,1
SEG_0525,MANAS_RIVER_BASIN,47.15,160.52,0.02086,12.25,625.4,42.15,159.33,8.48,0.371,0
SEG_0526,BRAHMAPUTRA_BASIN,36.75,309.22,-0.01552,7.46,3120.8,82.41,178.74,29.86,0.783,0
SEG_0527,BRAHMAPUTRA_BASIN,12.22,33.68,-0.04833,14.23,842.9,28.82,184.01,38.4,0.48,0
SEG_0528,BARAK_VALLEY,5.43,7.19,0.00866,8.38,1822.7,10.66,105.67,86.17,0.432,0
SEG_0529,BARAK_VALLEY,18.46,353.61,-0.01171,4.49,1244.0,49.18,17.33,69.39,0.548,0
SEG_0530,BRAHMAPUTRA_BASIN,15.21,225.65,-0.01413,15.94,1691.0,53.24,141.46,110.01,0.701,0
SEG_0531,BRAHMAPUTRA_BASIN,40.93,211.04,-0.00076,4.69,1634.5,31.88,228.71,40.25,0.814,0
SEG_0532,BARAK_VALLEY,11.47,135.3,-0.04009,10.72,1575.1,79.24,55.12,19.75,0.405,0
SEG_0533,MANAS_RIVER_BASIN,51.68,335.74,-0.03748,7.35,118.2,86.11,89.69,75.73,0.636,0
SEG_0534,SUBANSIRI_VALLEY,37.4,88.36,0.02176,12.88,2363.5,64.69,223.12,9.44,0.348,0
SEG_0535,MANAS_RIVER_BASIN,25.34,79.45,0.00333,15.94,2805.9,85.26,158.82,4.99,0.255,0
SEG_0536,TEESTA_VALLEY,53.28,122.97,-0.01615,2.1,2387.3,83.46,36.65,19.16,0.693,0
SEG_0537,TEESTA_VALLEY,6.58,43.78,0.01331,14.59,2190.6,21.93,28.94,101.3,0.204,0
SEG_0538,SUBANSIRI_VALLEY,49.88,326.79,-0.04126,15.11,2892.9,80.43,50.23,96.61,0.738,0
SEG_0539,TEESTA_VALLEY,52.04,65.84,0.00674,7.28,3378.0,34.35,99.91,117.94,0.502,0
SEG_0540,TEESTA_VALLEY,5.72,17.82,0.00994,6.78,3337.5,90.38,178.43,98.18,0.6,0
SEG_0541,TEESTA_VALLEY,30.16,275.45,-0.00147,4.09,2275.9,25.34,218.1,73.57,0.218,0
SEG_0542,MANAS_RIVER_BASIN,34.25,95.84,-0.04687,3.67,2185.6,93.16,51.63,88.2,0.75,0
SEG_0543,BRAHMAPUTRA_BASIN,38.46,293.41,-0.02393,6.16,22.2,95.72,229.39,91.75,0.159,1
SEG_0544,BRAHMAPUTRA_BASIN,36.16,128.18,0.02889,5.27,2244.4,30.98,178.42,104.84,0.195,0
SEG_0545,SUBANSIRI_VALLEY,34.68,45.76,-0.00725,4.25,2457.2,77.54,26.45,60.74,0.711,0
SEG_0546,TEESTA_VALLEY,22.94,190.54,0.00844,13.16,1206.6,81.69,84.65,6.65,0.516,0
SEG_0547,TEESTA_VALLEY,21.66,177.09,0.00728,5.34,2783.0,53.3,83.51,12.82,0.279,0
SEG_0548,BRAHMAPUTRA_BASIN,13.53,161.05,-0.02895,11.65,3073.0,35.84,20.5,35.82,0.604,0
SEG_0549,BARAK_VALLEY,23.87,92.96,-0.02565,8.41,2663.1,28.33,177.32,2.54,0.414,0
SEG_0550,TEESTA_VALLEY,52.27,330.15,0.00834,8.48,2867.7,70.82,45.89,98.51,0.422,0
SEG_0551,BARAK_VALLEY,50.3,45.59,-0.03215,8.9,305.1,27.44,235.94,117.18,0.382,1
SEG_0552,BRAHMAPUTRA_BASIN,50.73,177.68,-0.00464,2.53,2555.7,57.0,50.52,13.21,0.388,0
SEG_0553,BARAK_VALLEY,45.11,283.22,0.00097,6.2,546.4,35.34,93.99,90.76,0.505,0
SEG_0554,BRAHMAPUTRA_BASIN,10.6,305.81,0.00328,8.6,3434.2,75.89,29.5,90.78,0.171,0
SEG_0555,BRAHMAPUTRA_BASIN,36.25,340.63,0.00798,9.56,195.1,15.6,46.84,3.9,0.658,0
SEG_0556,MANAS_RIVER_BASIN,12.74,108.42,-0.0251,7.21,906.2,53.52,101.85,118.39,0.142,0
SEG_0557,BRAHMAPUTRA_BASIN,20.13,165.59,-0.02207,7.17,575.2,88.81,2.5,105.89,0.529,0
SEG_0558,MANAS_RIVER_BASIN,15.51,41.88,0.04701,2.31,2813.4,80.14,74.3,16.28,0.209,0
SEG_0559,MANAS_RIVER_BASIN,10.05,71.64,0.04998,2.03,2242.6,22.57,230.16,11.24,0.816,0
SEG_0560,BRAHMAPUTRA_BASIN,9.52,341.23,-0.02414,6.72,1419.9,14.56,124.13,14.8,0.401,0
SEG_0561,BARAK_VALLEY,51.58,37.74,-0.02321,9.28,1988.8,11.36,195.14,43.39,0.405,0
SEG_0562,MANAS_RIVER_BASIN,11.07,354.94,0.02807,7.46,2033.4,91.11,138.52,20.94,0.384,0
SEG_0563,SUBANSIRI_VALLEY,12.96,127.5,-0.00805,7.47,2337.1,29.18,55.27,87.51,0.475,0
SEG_0564,MANAS_RIVER_BASIN,44.87,259.24,-0.04139,8.49,625.4,40.04,4.52,48.04,0.512,0
SEG_0565,SUBANSIRI_VALLEY,38.17,301.06,-0.02845,3.69,2983.3,23.94,243.69,101.1,0.476,0
SEG_0566,BRAHMAPUTRA_BASIN,51.42,23.63,0.00494,10.27,2291.5,32.75,91.14,101.24,0.246,0
SEG_0567,MANAS_RIVER_BASIN,33.13,274.39,0.02136,4.91,1999.5,87.23,108.03,115.99,0.439,0
SEG_0568,MANAS_RIVER_BASIN,54.63,251.4,-0.02062,11.41,2463.5,43.08,4.43,84.38,0.116,0
SEG_0569,BARAK_VALLEY,43.9,137.65,-0.00569,7.27,1298.3,56.81,202.2,43.41,0.493,0
SEG_0570,TEESTA_VALLEY,22.11,70.01,0.00619,6.4,313.6,70.97,176.94,43.2,0.158,1
SEG_0571,BRAHMAPUTRA_BASIN,38.43,113.55,0.01826,14.2,846.5,97.12,96.59,32.07,0.416,0
SEG_0572,MANAS_RIVER_BASIN,19.31,89.09,0.01452,11.11,2889.3,47.18,18.27,32.84,0.835,0
SEG_0573,TEESTA_VALLEY,18.41,359.76,-0.03247,2.14,537.9,79.05,111.7,53.7,0.816,0
SEG_0574,SUBANSIRI_VALLEY,47.42,326.17,0.00416,10.81,914.1,81.27,158.03,60.42,0.145,1
SEG_0575,BRAHMAPUTRA_BASIN,38.2,121.81,0.04355,14.77,748.5,13.51,185.33,99.31,0.826,0
SEG_0576,SUBANSIRI_VALLEY,39.51,232.41,0.03921,12.26,1789.1,98.27,66.53,99.98,0.42,1
SEG_0577,TEESTA_VALLEY,41.36,228.15,-0.03595,8.2,1973.8,85.56,110.91,110.25,0.43,1
SEG_0578,BRAHMAPUTRA_BASIN,48.67,21.51,0.03886,6.61,1114.8,55.58,235.17,5.73,0.364,0
SEG_0579,SUBANSIRI_VALLEY,14.48,45.22,-0.0189,14.4,2716.8,75.44,199.33,32.33,0.766,0
SEG_0580,TEESTA_VALLEY,12.85,341.12,0.02668,5.76,2076.0,74.21,235.32,105.8,0.486,0
SEG_0581,SUBANSIRI_VALLEY,35.89,239.71,-0.01213,15.36,3062.1,73.01,178.41,30.29,0.593,0
SEG_0582,BRAHMAPUTRA_BASIN,53.44,174.32,-0.04364,9.72,2947.0,98.72,107.59,38.44,0.78,0
SEG_0583,TEESTA_VALLEY,41.06,82.94,0.01852,15.75,2425.0,88.6,237.05,58.41,0.627,1
SEG_0584,BARAK_VALLEY,52.33,261.47,-0.02803,8.29,2791.7,58.69,162.49,90.45,0.567,0
SEG_0585,SUBANSIRI_VALLEY,11.34,213.3,-0.00175,10.72,55.0,27.34,122.83,114.06,0.388,0
SEG_0586,SUBANSIRI_VALLEY,8.29,254.15,-0.02618,7.44,1564.1,89.33,102.83,17.43,0.493,0
SEG_0587,MANAS_RIVER_BASIN,15.06,28.82,-0.00255,2.14,315.0,81.88,192.87,109.82,0.741,0
SEG_0588,TEESTA_VALLEY,47.28,287.67,0.00085,5.26,2961.7,74.72,245.19,18.68,0.269,0
SEG_0589,BARAK_VALLEY,28.58,345.52,0.01762,14.71,2559.6,75.46,20.0,43.14,0.744,0
SEG_0590,MANAS_RIVER_BASIN,16.02,333.1,0.0368,9.0,233.5,73.6,155.85,116.47,0.519,0
SEG_0591,MANAS_RIVER_BASIN,18.43,178.14,-0.04139,9.83,1769.7,22.85,110.52,40.09,0.491,0
SEG_0592,BRAHMAPUTRA_BASIN,6.29,102.68,0.0054,2.02,1005.6,88.45,148.41,72.94,0.403,0
SEG_0593,MANAS_RIVER_BASIN,14.5,294.75,-0.03833,11.18,1207.2,76.53,137.44,54.28,0.227,0
SEG_0594,SUBANSIRI_VALLEY,23.81,333.21,0.0003,11.27,3195.8,87.77,125.46,52.52,0.355,0
SEG_0595,MANAS_RIVER_BASIN,7.46,68.78,0.02905,8.36,1069.8,44.18,213.6,89.88,0.304,0
SEG_0596,MANAS_RIVER_BASIN,50.1,160.69,0.00507,15.22,758.7,56.29,118.68,31.01,0.714,0
SEG_0597,SUBANSIRI_VALLEY,51.83,111.01,0.03695,12.7,882.4,13.23,25.46,87.42,0.25,0
SEG_0598,BARAK_VALLEY,20.29,188.82,0.01519,12.91,2689.8,96.57,71.46,8.53,0.359,0
SEG_0599,BRAHMAPUTRA_BASIN,39.98,148.33,-0.03616,11.32,1845.9,66.9,84.5,108.82,0.541,0
SEG_0600,BARAK_VALLEY,35.1,251.08,-0.04095,8.97,935.5,74.47,47.39,107.07,0.423,0
SEG_0601,BRAHMAPUTRA_BASIN,26.9,147.15,-0.00711,10.2,1833.7,23.33,16.39,87.53,0.52,0
SEG_0602,MANAS_RIVER_BASIN,42.32,321.66,0.02568,6.65,2610.7,23.53,32.58,41.48,0.706,0
SEG_0603,MANAS_RIVER_BASIN,7.08,299.03,0.00713,10.5,1840.6,87.83,10.86,31.32,0.757,0
SEG_0604,BRAHMAPUTRA_BASIN,22.59,195.65,-0.04273,13.06,777.9,70.26,200.8,67.43,0.656,1
SEG_0605,BARAK_VALLEY,22.94,219.62,-0.01175,6.26,106.5,10.35,56.8,48.77,0.738,0
SEG_0606,BARAK_VALLEY,38.07,325.18,-0.04015,5.25,2487.0,83.31,214.26,49.81,0.167,1
SEG_0607,MANAS_RIVER_BASIN,34.57,319.26,0.03889,12.44,142.3,61.18,196.65,2.07,0.512,0
SEG_0608,SUBANSIRI_VALLEY,16.18,336.04,-0.01554,4.25,1979.8,94.0,0.96,28.57,0.804,0
SEG_0609,TEESTA_VALLEY,43.21,284.39,0.01393,13.95,2586.1,88.52,108.47,89.71,0.85,0
SEG_0610,TEESTA_VALLEY,34.37,62.72,0.04629,4.46,637.9,91.45,116.3,7.58,0.549,0
SEG_0611,SUBANSIRI_VALLEY,13.2,102.67,0.02928,14.68,3413.3,30.67,220.32,39.39,0.185,0
SEG_0612,SUBANSIRI_VALLEY,26.49,103.41,0.02368,8.35,3462.7,14.87,88.75,57.83,0.477,0
SEG_0613,SUBANSIRI_VALLEY,18.72,144.01,0.02783,15.18,3019.3,60.22,102.57,39.95,0.194,0
SEG_0614,TEESTA_VALLEY,17.73,359.35,-0.03121,4.07,363.4,61.6,156.97,43.83,0.502,0
SEG_0615,TEESTA_VALLEY,41.97,153.47,-0.01663,6.43,2713.5,14.63,3.21,95.47,0.458,0
SEG_0616,BRAHMAPUTRA_BASIN,47.98,255.52,-0.00178,9.28,3413.9,95.95,53.82,97.33,0.248,0
SEG_0617,BRAHMAPUTRA_BASIN,11.22,346.39,-0.02101,13.94,1368.9,38.76,233.79,43.6,0.393,0
SEG_0618,BARAK_VALLEY,53.4,329.31,-0.0333,3.7,317.2,90.94,48.41,49.95,0.437,0
SEG_0619,MANAS_RIVER_BASIN,25.06,307.83,-0.00681,7.41,2420.6,63.62,26.81,60.98,0.652,0
SEG_0620,TEESTA_VALLEY,52.89,27.98,0.00324,6.25,1387.1,25.99,144.52,114.96,0.477,0
SEG_0621,MANAS_RIVER_BASIN,41.64,121.07,-0.01714,5.99,1684.4,26.08,121.41,84.5,0.122,0
SEG_0622,BARAK_VALLEY,51.83,38.26,0.0342,8.76,2314.6,55.45,119.26,100.19,0.667,0
SEG_0623,TEESTA_VALLEY,49.81,290.41,-0.04963,6.48,1487.8,30.44,49.89,4.53,0.583,0
SEG_0624,BARAK_VALLEY,23.86,325.2,-0.04303,2.82,3246.0,67.71,94.9,90.61,0.604,0
SEG_0625,SUBANSIRI_VALLEY,35.77,148.3,0.04344,2.68,751.8,60.36,153.89,4.75,0.402,0
SEG_0626,BRAHMAPUTRA_BASIN,21.03,33.67,-0.00729,3.8,3317.7,52.29,79.31,91.96,0.473,0
SEG_0627,MANAS_RIVER_BASIN,45.6,312.17,0.0173,2.66,1990.8,77.93,34.13,27.44,0.762,0
SEG_0628,BARAK_VALLEY,28.41,319.52,0.01413,7.79,1039.0,43.38,127.24,38.29,0.827,0
SEG_0629,SUBANSIRI_VALLEY,37.11,107.33,-0.03735,13.8,1280.4,68.78,117.7,23.87,0.551,0
SEG_0630,SUBANSIRI_VALLEY,26.8,269.52,0.03279,12.8,155.1,27.28,134.15,112.18,0.726,0
SEG_0631,BRAHMAPUTRA_BASIN,28.63,315.87,-0.04597,13.27,1304.1,86.06,200.55,41.85,0.62,0
SEG_0632,BRAHMAPUTRA_BASIN,22.28,223.74,-0.04612,4.61,2912.7,78.24,87.66,45.22,0.5,0
SEG_0633,MANAS_RIVER_BASIN,10.06,243.32,-0.02513,2.22,600.3,63.99,177.28,2.53,0.127,0
SEG_0634,SUBANSIRI_VALLEY,45.84,345.45,0.02927,10.45,1736.8,13.57,246.08,46.02,0.214,0
SEG_0635,TEESTA_VALLEY,19.21,210.88,0.00868,8.24,2929.7,33.58,112.16,64.52,0.598,0
SEG_0636,TEESTA_VALLEY,12.53,335.75,-0.01169,12.21,90.8,28.26,121.77,105.39,0.495,0
SEG_0637,BARAK_VALLEY,28.39,98.21,-0.00364,14.43,1603.8,59.48,100.99,55.21,0.111,0
SEG_0638,MANAS_RIVER_BASIN,11.55,216.34,-0.04657,8.97,558.9,26.28,91.26,51.89,0.567,0
SEG_0639,MANAS_RIVER_BASIN,30.18,65.75,0.0074,10.92,1957.3,75.71,83.9,91.81,0.425,0
SEG_0640,MANAS_RIVER_BASIN,37.7,222.69,-0.01902,3.2,336.5,92.17,172.32,15.25,0.368,0
SEG_0641,MANAS_RIVER_BASIN,46.78,15.72,-0.02634,14.46,51.9,27.92,239.76,73.61,0.296,1
SEG_0642,SUBANSIRI_VALLEY,41.02,330.58,-0.0092,4.68,1819.6,90.82,201.09,7.9,0.619,0
SEG_0643,SUBANSIRI_VALLEY,10.66,278.24,-0.00081,12.98,2052.1,17.34,191.41,8.38,0.459,0
SEG_0644,BRAHMAPUTRA_BASIN,28.04,241.67,-0.03378,8.81,2590.1,87.15,156.56,80.29,0.195,0
SEG_0645,BARAK_VALLEY,37.81,169.8,0.00716,2.65,2191.4,65.72,222.8,60.68,0.158,1
SEG_0646,SUBANSIRI_VALLEY,53.12,320.48,-0.02297,13.52,1823.8,51.1,78.61,69.72,0.647,0
SEG_0647,BRAHMAPUTRA_BASIN,48.23,179.84,-0.00615,10.55,2192.2,21.75,189.06,33.11,0.779,0
SEG_0648,MANAS_RIVER_BASIN,42.49,34.85,-0.00239,15.88,2701.1,28.74,125.36,28.03,0.407,0
SEG_0649,MANAS_RIVER_BASIN,20.74,174.78,-0.0022,8.6,631.7,22.9,63.69,109.74,0.185,0
SEG_0650,BARAK_VALLEY,32.09,47.19,0.02662,15.05,3316.6,42.84,33.88,62.21,0.184,0
SEG_0651,TEESTA_VALLEY,19.67,176.65,-0.00614,12.64,1482.8,93.98,225.63,104.66,0.153,1
SEG_0652,BARAK_VALLEY,33.29,257.29,0.04377,14.77,3312.3,31.78,32.89,36.27,0.771,0
SEG_0653,MANAS_RIVER_BASIN,47.97,39.61,0.04474,7.93,52.4,49.37,11.52,65.27,0.354,0
SEG_0654,BRAHMAPUTRA_BASIN,42.68,348.52,0.02796,2.31,2107.6,71.89,206.36,6.72,0.46,0
SEG_0655,BRAHMAPUTRA_BASIN,13.46,116.08,-0.00598,13.66,3254.3,65.93,98.74,30.48,0.837,0
SEG_0656,TEESTA_VALLEY,38.5,0.14,0.03059,3.11,686.4,44.38,121.21,42.6,0.341,0
SEG_0657,SUBANSIRI_VALLEY,11.16,53.08,-0.04703,3.0,2316.3,48.41,190.9,119.11,0.594,0
SEG_0658,TEESTA_VALLEY,30.2,196.16,-0.02165,15.28,2951.8,74.29,19.5,12.74,0.47,0
SEG_0659,BRAHMAPUTRA_BASIN,53.91,57.07,-0.00125,7.1,2245.1,21.48,107.58,32.96,0.766,0
SEG_0660,SUBANSIRI_VALLEY,25.12,54.52,-0.00582,12.79,938.8,10.48,167.13,116.72,0.555,0
SEG_0661,BRAHMAPUTRA_BASIN,27.14,341.61,-0.0254,9.45,1698.6,72.56,17.0,23.25,0.261,0
SEG_0662,TEESTA_VALLEY,14.42,20.25,-0.04193,15.9,2746.9,92.06,48.76,115.27,0.207,0
SEG_0663,SUBANSIRI_VALLEY,24.81,249.79,-0.00107,9.18,951.9,50.49,117.7,84.8,0.805,0
SEG_0664,SUBANSIRI_VALLEY,13.11,354.57,-0.0424,11.5,632.8,73.79,176.5,28.1,0.302,0
SEG_0665,SUBANSIRI_VALLEY,32.03,305.86,-0.00199,7.22,1736.5,61.54,47.27,108.11,0.606,0
SEG_0666,BRAHMAPUTRA_BASIN,19.92,94.69,-0.03364,7.08,893.4,70.83,170.97,60.22,0.683,0
SEG_0667,MANAS_RIVER_BASIN,33.06,247.48,-0.01746,3.33,3416.0,35.48,105.95,77.98,0.119,0
SEG_0668,SUBANSIRI_VALLEY,41.95,292.54,-0.03714,2.26,2419.9,36.82,156.5,18.07,0.452,0
SEG_0669,MANAS_RIVER_BASIN,34.25,184.74,-0.00043,6.66,267.7,17.97,108.44,42.7,0.487,0
SEG_0670,BARAK_VALLEY,20.24,65.45,-0.04141,12.0,702.9,71.42,97.59,49.89,0.452,0
SEG_0671,SUBANSIRI_VALLEY,31.36,264.32,-0.04449,14.43,2466.4,29.24,45.85,51.8,0.713,0
SEG_0672,BARAK_VALLEY,16.38,100.66,-0.03726,10.95,281.5,21.94,161.19,40.76,0.631,0
SEG_0673,MANAS_RIVER_BASIN,43.03,60.56,0.03336,4.73,3126.3,50.82,169.24,59.67,0.17,0
SEG_0674,TEESTA_VALLEY,47.28,219.95,-0.04599,14.62,1959.9,87.29,208.61,99.96,0.624,1
SEG_0675,TEESTA_VALLEY,45.9,13.81,0.03708,9.18,1405.9,54.25,166.85,1.53,0.754,0
SEG_0676,BRAHMAPUTRA_BASIN,41.27,29.18,0.02165,5.49,3074.4,82.37,239.46,106.05,0.8,0
SEG_0677,MANAS_RIVER_BASIN,21.84,205.01,0.03611,3.1,272.6,85.68,53.21,80.25,0.507,0
SEG_0678,BRAHMAPUTRA_BASIN,39.07,91.3,0.03837,9.86,667.0,29.97,123.46,115.39,0.677,0
SEG_0679,BRAHMAPUTRA_BASIN,46.03,102.69,-0.02608,13.02,216.2,42.88,126.45,67.24,0.646,0
SEG_0680,TEESTA_VALLEY,18.7,304.55,-0.00725,5.81,1356.9,84.4,37.16,54.74,0.469,0
SEG_0681,MANAS_RIVER_BASIN,44.45,126.35,-0.00953,7.51,687.7,15.45,147.73,118.71,0.225,1
SEG_0682,BARAK_VALLEY,10.26,206.17,6e-05,13.98,1866.8,32.72,168.91,65.11,0.275,0
SEG_0683,BRAHMAPUTRA_BASIN,46.08,10.29,0.01309,6.89,1038.5,44.94,85.51,99.87,0.306,0
SEG_0684,SUBANSIRI_VALLEY,32.11,53.32,0.02463,2.12,606.7,61.69,178.6,110.0,0.629,1
SEG_0685,BARAK_VALLEY,24.72,0.46,-0.03798,9.48,2369.5,47.15,182.67,62.62,0.156,0
SEG_0686,BARAK_VALLEY,47.51,359.13,0.03869,13.35,1322.6,30.59,183.71,36.55,0.232,0
SEG_0687,BRAHMAPUTRA_BASIN,34.01,325.45,-0.01798,11.38,673.9,65.61,84.11,25.34,0.335,0
SEG_0688,SUBANSIRI_VALLEY,36.93,18.21,0.04263,15.46,679.4,70.2,23.07,87.54,0.36,0
SEG_0689,BRAHMAPUTRA_BASIN,23.64,52.4,-0.00939,3.58,2027.6,13.64,131.83,106.36,0.728,0
SEG_0690,MANAS_RIVER_BASIN,21.63,157.79,-0.02373,4.31,2418.2,55.8,50.04,38.35,0.544,0
SEG_0691,BRAHMAPUTRA_BASIN,12.37,26.37,0.03123,12.53,2641.5,73.75,167.35,57.24,0.582,0
SEG_0692,MANAS_RIVER_BASIN,19.95,113.98,0.01712,2.44,2548.2,84.38,103.79,91.79,0.231,0
SEG_0693,BARAK_VALLEY,54.32,184.54,0.04343,9.32,1034.7,33.75,232.38,20.69,0.535,1
SEG_0694,BRAHMAPUTRA_BASIN,42.36,112.21,-0.01938,13.73,271.8,88.42,64.17,71.16,0.802,0
SEG_0695,TEESTA_VALLEY,28.1,304.13,0.03976,5.71,2495.2,18.9,8.39,67.25,0.621,0
SEG_0696,SUBANSIRI_VALLEY,28.98,5.71,-0.0408,6.57,1541.4,34.87,145.47,6.64,0.208,0
SEG_0697,BRAHMAPUTRA_BASIN,12.11,230.32,-0.04453,7.7,637.4,19.76,141.76,111.4,0.141,0
SEG_0698,BARAK_VALLEY,32.12,189.88,-0.03589,2.01,2839.3,17.79,158.46,109.75,0.256,0
SEG_0699,SUBANSIRI_VALLEY,33.99,58.51,0.01742,3.87,2824.4,98.09,94.35,53.37,0.135,0
SEG_0700,SUBANSIRI_VALLEY,11.41,153.13,-0.02528,12.48,931.9,88.47,222.96,23.57,0.56,0
SEG_0701,MANAS_RIVER_BASIN,24.58,256.8,0.01594,10.75,1003.2,43.64,25.74,86.28,0.478,0
SEG_0702,MANAS_RIVER_BASIN,21.71,9.27,-0.0159,13.25,3142.6,56.12,113.88,3.7,0.759,0
SEG_0703,SUBANSIRI_VALLEY,19.34,105.71,-0.01004,13.93,1761.0,70.42,97.99,31.63,0.816,0
SEG_0704,TEESTA_VALLEY,5.04,337.27,-0.03355,5.27,936.9,13.37,30.76,118.36,0.336,0
SEG_0705,SUBANSIRI_VALLEY,24.06,356.66,-0.02524,9.09,2958.5,31.29,103.8,73.81,0.461,0
SEG_0706,BARAK_VALLEY,17.67,338.59,0.04059,9.94,1253.4,43.92,102.96,87.31,0.439,0
SEG_0707,SUBANSIRI_VALLEY,52.2,120.94,0.00607,3.33,717.6,46.8,51.55,105.19,0.219,1
SEG_0708,TEESTA_VALLEY,28.55,148.01,-0.02634,12.22,478.5,70.54,210.61,27.42,0.75,0
SEG_0709,BRAHMAPUTRA_BASIN,10.92,4.91,-0.01968,11.77,2770.1,36.32,123.91,50.53,0.408,0
SEG_0710,BARAK_VALLEY,25.47,104.36,-0.04855,10.05,1419.9,43.34,45.73,51.61,0.838,0
SEG_0711,TEESTA_VALLEY,5.42,302.11,-0.0468,15.16,3124.4,57.66,135.9,78.45,0.39,0
SEG_0712,BRAHMAPUTRA_BASIN,27.86,197.86,0.03878,3.47,2882.8,28.69,98.52,37.99,0.4,0
SEG_0713,TEESTA_VALLEY,30.18,288.59,-0.00585,8.87,2973.7,72.84,122.61,30.92,0.764,0
SEG_0714,MANAS_RIVER_BASIN,28.93,16.08,-0.01904,6.09,2842.6,17.79,201.42,80.3,0.649,0
SEG_0715,TEESTA_VALLEY,38.99,219.25,0.0269,8.25,1665.4,67.28,27.02,52.35,0.829,0
SEG_0716,TEESTA_VALLEY,18.03,307.2,0.03635,12.82,607.5,83.14,192.31,71.61,0.353,1
SEG_0717,TEESTA_VALLEY,11.09,183.51,0.00853,7.03,1674.2,42.35,160.25,108.15,0.223,0
SEG_0718,SUBANSIRI_VALLEY,41.44,335.49,-0.02211,15.3,240.2,63.67,14.28,107.25,0.497,0
SEG_0719,BRAHMAPUTRA_BASIN,49.0,359.91,-0.02559,12.69,2060.9,33.25,245.48,107.75,0.196,1
SEG_0720,MANAS_RIVER_BASIN,54.13,229.34,-0.03384,14.68,1816.5,23.68,230.43,90.9,0.649,1
SEG_0721,MANAS_RIVER_BASIN,15.55,247.79,-0.02803,8.14,2741.4,79.77,113.32,95.06,0.729,0
SEG_0722,SUBANSIRI_VALLEY,35.43,201.55,0.04611,10.78,923.2,36.02,176.33,88.25,0.328,1
SEG_0723,BARAK_VALLEY,9.79,332.13,0.00685,7.09,2652.8,32.91,173.38,4.77,0.73,0
SEG_0724,BARAK_VALLEY,31.11,144.56,-0.01995,13.25,966.6,74.34,51.55,29.98,0.352,0
SEG_0725,BRAHMAPUTRA_BASIN,25.53,82.83,-0.00939,13.57,812.2,56.67,201.52,42.42,0.582,0
SEG_0726,MANAS_RIVER_BASIN,9.95,97.7,0.03551,6.85,3406.2,97.2,67.07,4.92,0.629,0
SEG_0727,SUBANSIRI_VALLEY,42.21,290.09,-0.02286,8.6,2494.2,49.07,28.2,84.71,0.784,0
SEG_0728,BARAK_VALLEY,21.82,84.41,-0.00194,9.73,2218.6,32.88,237.16,20.37,0.824,0
SEG_0729,TEESTA_VALLEY,5.49,85.71,0.03203,4.93,858.3,21.56,178.86,8.3,0.348,0
SEG_0730,SUBANSIRI_VALLEY,34.26,133.11,-0.00139,6.39,513.6,29.03,26.38,81.97,0.596,0
SEG_0731,TEESTA_VALLEY,25.79,306.14,-0.02703,5.36,1316.7,30.5,140.25,16.14,0.34,0
SEG_0732,SUBANSIRI_VALLEY,27.04,210.51,0.03162,15.84,1373.2,14.22,200.29,72.53,0.249,0
SEG_0733,BRAHMAPUTRA_BASIN,14.87,225.6,0.01848,3.76,2757.0,11.61,120.68,39.72,0.655,0
SEG_0734,TEESTA_VALLEY,44.69,356.16,0.01792,15.79,120.4,40.09,26.96,31.48,0.729,0
SEG_0735,SUBANSIRI_VALLEY,16.68,280.21,0.01086,15.59,1320.1,70.65,15.88,47.55,0.823,0
SEG_0736,BRAHMAPUTRA_BASIN,25.77,145.0,-0.04638,9.72,2486.2,20.18,76.36,93.75,0.374,0
SEG_0737,BARAK_VALLEY,31.71,296.57,-0.03969,15.2,2786.9,26.13,178.0,46.2,0.402,0
SEG_0738,TEESTA_VALLEY,51.89,32.85,-0.04805,13.28,396.4,97.82,154.84,78.1,0.249,1
SEG_0739,BARAK_VALLEY,19.92,229.71,-0.02118,5.3,2562.2,13.59,23.69,0.81,0.215,0
SEG_0740,TEESTA_VALLEY,51.81,187.26,-0.01352,14.23,1394.6,39.82,51.82,45.34,0.338,0
SEG_0741,MANAS_RIVER_BASIN,19.48,207.79,-0.04341,4.68,1437.8,93.39,94.31,79.69,0.291,0
SEG_0742,SUBANSIRI_VALLEY,54.05,333.56,0.03981,12.24,1297.2,19.45,172.16,117.44,0.645,0
SEG_0743,MANAS_RIVER_BASIN,48.56,69.33,-0.04024,14.57,1237.6,59.07,89.89,15.1,0.542,0
SEG_0744,MANAS_RIVER_BASIN,31.34,116.73,-0.0389,8.2,901.3,90.92,25.44,5.9,0.104,0
SEG_0745,BRAHMAPUTRA_BASIN,38.87,8.79,-0.00883,6.66,2349.6,29.24,147.72,109.58,0.698,0
SEG_0746,TEESTA_VALLEY,54.05,220.93,0.02935,3.2,658.4,77.5,5.5,98.03,0.11,0
SEG_0747,SUBANSIRI_VALLEY,23.25,220.14,0.0196,6.79,395.7,16.2,147.23,62.48,0.657,0
SEG_0748,TEESTA_VALLEY,35.44,64.55,-0.02742,2.35,2535.8,82.12,199.21,15.31,0.777,0
SEG_0749,BRAHMAPUTRA_BASIN,8.73,183.74,0.04694,11.7,266.8,26.85,192.83,100.97,0.563,0
SEG_0750,TEESTA_VALLEY,6.01,172.59,0.00137,5.36,453.9,62.17,191.06,119.18,0.669,0
SEG_0751,BARAK_VALLEY,30.43,171.63,-0.02293,2.41,2125.8,45.22,74.67,104.03,0.66,0
SEG_0752,TEESTA_VALLEY,39.81,74.19,-0.00588,2.91,2892.1,21.21,225.77,103.71,0.448,0
SEG_0753,MANAS_RIVER_BASIN,45.15,155.45,0.02858,8.47,3294.6,53.29,115.65,94.21,0.716,0
SEG_0754,BRAHMAPUTRA_BASIN,53.4,271.08,0.03112,2.46,1648.2,67.55,207.51,5.91,0.739,0
SEG_0755,TEESTA_VALLEY,14.87,114.21,-0.02181,9.43,199.9,24.11,203.17,15.91,0.275,0
SEG_0756,BRAHMAPUTRA_BASIN,37.54,348.43,0.0363,8.28,238.7,52.37,172.31,72.93,0.504,0
SEG_0757,BRAHMAPUTRA_BASIN,24.41,61.47,-0.02732,10.06,1493.6,55.83,42.67,79.55,0.739,0
SEG_0758,SUBANSIRI_VALLEY,40.15,104.93,-0.00296,15.39,2688.1,96.29,186.56,21.07,0.148,0
SEG_0759,SUBANSIRI_VALLEY,34.49,161.97,0.03584,15.4,1756.6,92.91,145.83,64.61,0.441,0
SEG_0760,BARAK_VALLEY,27.42,353.03,-0.01497,8.33,484.6,14.27,193.85,68.48,0.671,0
SEG_0761,BARAK_VALLEY,23.91,170.34,0.01304,14.71,1478.4,79.72,67.08,83.76,0.101,0
SEG_0762,SUBANSIRI_VALLEY,17.34,162.03,-0.04779,10.97,1460.5,34.04,51.71,78.48,0.412,0
SEG_0763,MANAS_RIVER_BASIN,34.38,94.08,0.0485,6.34,862.0,34.78,224.12,76.35,0.648,0
SEG_0764,TEESTA_VALLEY,15.19,267.44,0.01856,12.62,1873.7,66.85,238.33,12.13,0.332,0
SEG_0765,BARAK_VALLEY,5.76,79.25,-0.02181,8.21,615.4,87.72,176.23,10.22,0.588,0
SEG_0766,MANAS_RIVER_BASIN,17.4,334.0,0.04321,12.09,2684.9,18.14,128.47,27.79,0.236,0
SEG_0767,SUBANSIRI_VALLEY,44.96,323.5,0.04411,14.14,1020.7,39.64,106.64,16.72,0.117,0
SEG_0768,BRAHMAPUTRA_BASIN,38.26,248.71,0.0287,3.63,1273.4,96.17,230.73,106.09,0.439,1
SEG_0769,BRAHMAPUTRA_BASIN,7.42,53.47,-0.0086,8.77,937.0,41.73,40.69,58.7,0.695,0
SEG_0770,BRAHMAPUTRA_BASIN,6.13,159.88,0.02814,11.52,2230.3,90.95,4.51,66.85,0.691,0
SEG_0771,TEESTA_VALLEY,12.61,63.59,-0.02146,15.38,2574.7,68.89,204.24,15.31,0.744,0
SEG_0772,SUBANSIRI_VALLEY,45.13,304.46,-0.03845,15.57,3359.5,41.81,16.47,20.05,0.845,0
SEG_0773,BRAHMAPUTRA_BASIN,34.69,277.93,0.03282,4.39,3143.0,68.4,220.46,58.23,0.507,0
SEG_0774,TEESTA_VALLEY,24.39,103.27,-0.02314,14.05,263.1,70.31,43.21,41.34,0.146,0
SEG_0775,BRAHMAPUTRA_BASIN,12.93,112.57,-0.03941,2.26,2820.2,22.27,193.99,95.71,0.503,0
SEG_0776,SUBANSIRI_VALLEY,35.07,235.96,-0.04913,14.99,250.7,42.65,100.68,0.16,0.473,0
SEG_0777,BRAHMAPUTRA_BASIN,48.06,55.69,-0.00485,7.71,2412.4,32.24,160.06,105.3,0.414,0
SEG_0778,SUBANSIRI_VALLEY,42.95,184.13,0.0144,3.43,2958.9,61.83,246.52,76.37,0.726,0
SEG_0779,MANAS_RIVER_BASIN,22.27,93.46,-0.00695,8.54,855.5,89.62,135.64,117.41,0.708,1
SEG_0780,BARAK_VALLEY,35.33,217.53,0.03272,7.95,978.6,33.59,134.05,53.9,0.43,0
SEG_0781,TEESTA_VALLEY,40.93,76.95,-0.0303,7.78,812.7,61.96,92.87,53.87,0.503,0
SEG_0782,MANAS_RIVER_BASIN,29.26,350.56,-0.04918,14.58,3260.3,95.53,3.27,20.6,0.59,0
SEG_0783,BRAHMAPUTRA_BASIN,45.54,340.98,-0.03641,8.97,765.3,15.35,81.38,17.24,0.632,0
SEG_0784,SUBANSIRI_VALLEY,54.94,355.4,0.03817,7.53,2409.3,47.08,162.13,37.13,0.555,0
SEG_0785,TEESTA_VALLEY,26.4,236.98,-0.02362,2.17,1825.9,63.91,240.72,70.74,0.453,1
SEG_0786,BRAHMAPUTRA_BASIN,36.38,282.39,0.01481,12.47,3172.8,86.86,168.51,25.76,0.578,0
SEG_0787,SUBANSIRI_VALLEY,19.47,239.09,-0.00734,14.45,2961.4,56.76,172.88,106.0,0.472,0
SEG_0788,SUBANSIRI_VALLEY,24.43,311.66,0.02244,7.65,767.3,41.68,71.03,21.13,0.657,0
SEG_0789,SUBANSIRI_VALLEY,24.29,353.55,-0.01089,3.12,332.6,62.58,149.84,50.25,0.424,0
SEG_0790,TEESTA_VALLEY,12.48,37.38,-0.03764,3.41,2141.8,27.49,62.86,20.83,0.818,0
SEG_0791,BRAHMAPUTRA_BASIN,15.67,138.62,0.02396,7.85,2583.5,20.11,201.5,30.38,0.287,0
SEG_0792,MANAS_RIVER_BASIN,11.36,143.48,-0.03298,5.57,936.1,59.51,102.85,113.73,0.195,0
SEG_0793,BRAHMAPUTRA_BASIN,10.55,100.28,0.02716,6.92,2845.7,38.44,40.89,52.3,0.439,0
SEG_0794,BRAHMAPUTRA_BASIN,49.79,20.8,-0.03593,12.03,1541.7,45.92,34.24,60.81,0.195,0
SEG_0795,MANAS_RIVER_BASIN,43.22,177.36,-0.0161,4.06,1941.5,77.0,70.5,26.26,0.491,0
SEG_0796,BARAK_VALLEY,6.83,223.3,-0.02057,3.21,2662.8,37.95,114.9,28.42,0.57,0
SEG_0797,BRAHMAPUTRA_BASIN,25.83,138.75,0.00342,13.79,2050.3,15.48,163.85,0.99,0.685,0
SEG_0798,MANAS_RIVER_BASIN,34.21,331.27,-0.04508,10.03,2990.6,31.53,219.07,2.29,0.649,0
SEG_0799,BARAK_VALLEY,30.6,357.21,0.01526,2.86,1849.0,54.2,36.04,110.43,0.431,0
SEG_0800,BARAK_VALLEY,45.86,309.96,0.01156,2.18,2439.4,47.2,141.39,77.89,0.363,0
SEG_0801,BARAK_VALLEY,40.82,80.73,-0.04016,14.84,1969.4,23.69,198.36,109.79,0.227,0
SEG_0802,SUBANSIRI_VALLEY,26.44,143.76,-0.03153,7.54,627.8,85.54,74.55,71.83,0.477,0
SEG_0803,TEESTA_VALLEY,8.75,339.61,-0.01349,14.78,2736.2,77.23,151.68,75.21,0.579,0
SEG_0804,BRAHMAPUTRA_BASIN,26.41,70.45,-0.04722,13.27,87.9,83.93,36.03,116.96,0.553,1
SEG_0805,MANAS_RIVER_BASIN,33.54,189.75,-0.04618,10.61,2901.6,24.02,148.58,71.23,0.223,0
SEG_0806,BRAHMAPUTRA_BASIN,10.37,74.18,-0.03524,13.16,238.9,71.11,91.61,90.69,0.823,0
SEG_0807,TEESTA_VALLEY,48.18,334.53,-0.01965,14.1,2739.7,92.84,61.44,69.24,0.306,0
SEG_0808,SUBANSIRI_VALLEY,6.33,202.31,-0.02857,6.77,2751.6,27.09,159.59,78.55,0.816,0
SEG_0809,TEESTA_VALLEY,38.08,213.09,0.02363,10.0,252.3,20.36,149.12,33.0,0.16,0
SEG_0810,SUBANSIRI_VALLEY,37.27,247.45,-0.01275,5.67,2663.8,78.85,113.9,73.43,0.38,0
SEG_0811,BARAK_VALLEY,52.13,294.47,0.00877,5.53,728.9,40.29,119.14,35.53,0.486,0
SEG_0812,MANAS_RIVER_BASIN,39.49,306.77,0.00592,9.45,1420.0,24.38,29.59,91.28,0.796,0
SEG_0813,TEESTA_VALLEY,9.19,18.82,-0.02465,3.04,381.1,82.35,9.72,79.07,0.304,0
SEG_0814,SUBANSIRI_VALLEY,10.06,314.13,0.00076,13.31,1300.9,21.13,10.37,33.78,0.283,0
SEG_0815,BARAK_VALLEY,46.66,163.54,0.02196,3.5,2964.5,75.48,52.93,17.43,0.337,0
SEG_0816,BRAHMAPUTRA_BASIN,30.87,155.65,0.04917,14.99,1090.9,19.93,209.94,119.66,0.319,1
SEG_0817,MANAS_RIVER_BASIN,47.96,82.21,-0.02799,4.82,3230.3,85.89,193.72,47.13,0.478,0
SEG_0818,MANAS_RIVER_BASIN,51.52,131.27,0.03577,5.73,1810.6,19.51,165.03,100.33,0.639,0
SEG_0819,SUBANSIRI_VALLEY,43.16,260.14,-0.02955,6.73,1655.1,39.44,188.74,39.52,0.204,0
SEG_0820,BARAK_VALLEY,35.61,155.87,-0.0429,8.83,2463.5,55.68,218.03,34.67,0.165,0
SEG_0821,SUBANSIRI_VALLEY,43.58,188.17,-0.03419,3.75,675.5,41.23,232.63,95.96,0.425,0
SEG_0822,BRAHMAPUTRA_BASIN,31.39,194.41,-0.0039,6.56,1675.3,63.65,246.5,112.53,0.747,1
SEG_0823,BRAHMAPUTRA_BASIN,24.89,154.12,0.03802,15.45,3127.6,74.01,146.25,82.71,0.804,0
SEG_0824,SUBANSIRI_VALLEY,31.04,96.68,0.02766,9.73,2320.2,38.74,120.32,74.08,0.404,0
SEG_0825,BRAHMAPUTRA_BASIN,34.8,11.29,-0.03297,10.86,1481.1,55.23,15.74,100.1,0.688,0
SEG_0826,SUBANSIRI_VALLEY,29.8,60.88,-0.03739,15.06,2125.2,68.69,100.45,109.08,0.578,0
SEG_0827,BARAK_VALLEY,21.68,78.83,-0.00035,5.88,1881.5,41.02,33.02,31.91,0.429,0
SEG_0828,MANAS_RIVER_BASIN,16.59,287.26,0.00631,2.08,1514.0,46.3,28.49,81.14,0.627,0
SEG_0829,BARAK_VALLEY,16.34,111.9,0.04842,13.64,1654.9,59.36,210.79,57.72,0.255,0
SEG_0830,BARAK_VALLEY,30.28,148.75,0.03768,3.76,3065.7,55.59,101.09,19.44,0.626,0
SEG_0831,BARAK_VALLEY,23.77,86.97,0.00549,13.15,33.1,66.19,149.13,38.18,0.439,0
SEG_0832,SUBANSIRI_VALLEY,9.65,212.14,0.00321,5.73,3150.1,92.54,100.65,106.84,0.388,0
SEG_0833,TEESTA_VALLEY,11.02,35.47,0.02575,5.13,213.7,80.98,38.52,75.02,0.354,0
SEG_0834,BRAHMAPUTRA_BASIN,39.77,251.51,0.02039,8.9,3203.8,53.54,112.57,23.93,0.331,0
SEG_0835,SUBANSIRI_VALLEY,36.68,89.47,-0.01958,12.79,1158.7,31.56,42.26,92.98,0.197,0
SEG_0836,BARAK_VALLEY,21.54,64.32,0.02653,13.01,1991.6,95.2,79.54,26.35,0.608,0
SEG_0837,MANAS_RIVER_BASIN,45.53,351.54,0.01447,5.89,3488.4,89.5,128.35,99.04,0.712,0
SEG_0838,BRAHMAPUTRA_BASIN,36.32,286.28,0.0469,8.54,2016.3,49.59,167.12,75.59,0.113,1
SEG_0839,BARAK_VALLEY,52.17,35.46,-0.02349,8.93,2965.9,54.96,187.01,16.68,0.289,0
SEG_0840,BARAK_VALLEY,18.44,125.14,0.02128,9.77,3166.6,63.59,123.25,94.29,0.811,0
SEG_0841,MANAS_RIVER_BASIN,41.27,75.48,0.03847,10.63,1512.0,26.23,235.58,90.61,0.256,1
SEG_0842,TEESTA_VALLEY,27.06,257.93,-0.01135,4.96,2221.7,96.87,77.65,55.32,0.606,0
SEG_0843,MANAS_RIVER_BASIN,49.21,169.96,-0.01171,5.52,2122.6,88.31,81.17,47.55,0.405,0
SEG_0844,TEESTA_VALLEY,19.78,253.93,0.00132,10.2,645.0,75.42,47.16,13.62,0.51,0
SEG_0845,MANAS_RIVER_BASIN,14.7,102.55,0.00052,9.44,2823.4,80.43,145.34,93.69,0.244,0
SEG_0846,BARAK_VALLEY,37.7,332.14,-0.04433,2.41,640.4,97.79,178.77,73.76,0.135,1
SEG_0847,BARAK_VALLEY,38.24,122.09,-0.04295,10.12,2524.5,18.39,158.44,34.36,0.673,0
SEG_0848,BARAK_VALLEY,39.35,105.84,0.00599,6.21,601.6,46.24,58.07,64.18,0.249,0
SEG_0849,SUBANSIRI_VALLEY,12.87,241.55,0.02539,3.55,1648.0,16.31,149.55,31.73,0.496,0
SEG_0850,BRAHMAPUTRA_BASIN,34.15,144.6,0.04491,12.88,1013.2,85.13,108.1,99.44,0.717,0
SEG_0851,BARAK_VALLEY,40.06,104.63,-0.02025,6.15,2545.0,30.45,0.23,85.83,0.228,0
SEG_0852,SUBANSIRI_VALLEY,5.71,216.47,0.00626,3.89,545.2,80.55,221.89,33.96,0.428,0
SEG_0853,SUBANSIRI_VALLEY,8.63,242.35,0.03252,6.27,3465.8,16.75,165.45,53.79,0.435,0
SEG_0854,BARAK_VALLEY,41.08,101.66,0.03353,6.44,2543.3,20.77,42.18,37.9,0.545,0
SEG_0855,MANAS_RIVER_BASIN,53.94,316.89,-0.02201,3.48,410.6,35.92,153.55,96.52,0.774,0
SEG_0856,MANAS_RIVER_BASIN,13.47,299.52,0.00718,10.17,750.0,16.6,116.18,73.87,0.171,0
SEG_0857,SUBANSIRI_VALLEY,32.27,342.02,-0.03206,2.36,157.1,62.29,15.41,115.03,0.206,0
SEG_0858,MANAS_RIVER_BASIN,14.45,169.0,0.02203,9.41,1396.3,38.69,152.6,112.69,0.604,0
SEG_0859,MANAS_RIVER_BASIN,23.17,167.22,0.04789,4.41,1264.0,74.92,240.99,18.68,0.271,1
SEG_0860,TEESTA_VALLEY,6.69,213.54,-0.03133,6.84,1230.9,51.75,83.53,12.88,0.209,0
SEG_0861,BRAHMAPUTRA_BASIN,28.51,343.6,-0.03843,15.25,2572.1,66.74,161.32,99.21,0.18,1
SEG_0862,MANAS_RIVER_BASIN,49.09,301.93,0.00822,5.48,2321.1,73.18,2.67,52.71,0.732,0
SEG_0863,TEESTA_VALLEY,46.24,144.78,-0.03976,2.86,198.6,43.83,84.31,86.15,0.657,0
SEG_0864,TEESTA_VALLEY,5.71,55.23,-0.00789,2.96,1797.4,50.5,191.79,79.18,0.434,0
SEG_0865,BRAHMAPUTRA_BASIN,24.84,94.65,-0.01245,8.97,1214.0,31.53,99.63,2.3,0.679,0
SEG_0866,BRAHMAPUTRA_BASIN,6.13,87.78,-0.03474,14.03,1647.1,45.98,112.37,116.63,0.738,0
SEG_0867,MANAS_RIVER_BASIN,39.39,337.95,0.02223,4.67,1558.7,16.36,97.41,88.99,0.39,0
SEG_0868,TEESTA_VALLEY,7.38,138.77,-0.03418,11.73,387.9,69.17,71.55,23.87,0.802,0
SEG_0869,MANAS_RIVER_BASIN,35.15,289.1,0.02917,4.7,2344.4,18.32,126.96,19.47,0.412,0
SEG_0870,TEESTA_VALLEY,13.09,89.75,-0.02751,9.27,1978.2,94.1,48.89,77.0,0.713,0
SEG_0871,MANAS_RIVER_BASIN,25.02,313.34,-0.01408,10.4,430.8,15.01,103.0,69.47,0.395,0
SEG_0872,BARAK_VALLEY,24.4,57.57,-0.01019,10.12,3319.2,16.12,126.85,39.47,0.481,0
SEG_0873,TEESTA_VALLEY,8.73,329.2,-0.04794,15.47,1629.0,46.73,64.11,1.21,0.306,0
SEG_0874,BRAHMAPUTRA_BASIN,43.36,74.49,0.04002,9.32,418.5,45.68,51.69,23.96,0.48,0
SEG_0875,BARAK_VALLEY,50.58,180.78,0.04658,15.18,3030.4,54.5,35.23,26.15,0.586,0
SEG_0876,BRAHMAPUTRA_BASIN,29.94,77.43,-0.02281,4.38,2520.2,78.54,115.58,85.69,0.652,0
SEG_0877,MANAS_RIVER_BASIN,53.31,295.57,-0.02955,4.61,457.3,22.32,187.04,56.36,0.687,0
SEG_0878,BARAK_VALLEY,5.92,112.24,0.01378,2.13,134.8,85.82,171.01,31.84,0.616,0
SEG_0879,MANAS_RIVER_BASIN,51.55,302.91,0.01474,6.78,2732.9,61.19,246.32,29.7,0.16,1
SEG_0880,MANAS_RIVER_BASIN,51.26,52.88,0.04709,15.26,3098.3,29.1,158.51,91.31,0.84,0
SEG_0881,BARAK_VALLEY,28.84,296.15,-0.02286,4.59,2391.0,57.47,128.6,30.81,0.126,0
SEG_0882,MANAS_RIVER_BASIN,24.64,250.43,0.04379,9.59,2694.0,17.94,52.79,60.26,0.115,0
SEG_0883,TEESTA_VALLEY,43.15,210.45,-0.04619,8.83,2497.9,87.34,233.51,39.29,0.202,1
SEG_0884,SUBANSIRI_VALLEY,28.32,109.93,-0.00708,6.27,912.6,62.84,3.93,31.15,0.596,0
SEG_0885,BRAHMAPUTRA_BASIN,17.59,279.83,0.04571,11.76,2094.2,50.97,91.1,42.36,0.577,0
SEG_0886,BARAK_VALLEY,54.0,317.58,0.00749,7.57,1288.1,11.08,62.29,86.26,0.553,0
SEG_0887,MANAS_RIVER_BASIN,7.5,55.9,0.02892,7.02,431.8,98.68,196.81,49.05,0.718,0
SEG_0888,MANAS_RIVER_BASIN,47.4,132.36,0.00911,9.05,2267.9,96.59,13.93,68.88,0.747,0
SEG_0889,MANAS_RIVER_BASIN,8.93,201.79,-0.01679,4.17,2974.6,56.42,233.32,96.72,0.62,0
SEG_0890,BRAHMAPUTRA_BASIN,40.61,208.72,-0.03281,5.66,1747.1,47.24,194.64,88.13,0.531,0
SEG_0891,BRAHMAPUTRA_BASIN,33.13,347.18,-0.02828,12.0,1307.4,34.83,45.1,66.3,0.262,0
SEG_0892,SUBANSIRI_VALLEY,10.01,258.39,0.01798,13.63,164.8,12.06,93.25,17.85,0.519,0
SEG_0893,TEESTA_VALLEY,22.18,346.85,0.04103,10.83,2037.8,42.94,4.58,15.31,0.666,0
SEG_0894,SUBANSIRI_VALLEY,15.6,10.64,-0.00661,5.89,3047.3,63.84,153.52,63.83,0.169,0
SEG_0895,SUBANSIRI_VALLEY,37.36,247.28,0.02764,6.36,1995.9,97.36,224.54,114.32,0.39,1
SEG_0896,MANAS_RIVER_BASIN,38.86,71.61,-0.04203,13.72,294.6,18.13,106.85,16.18,0.785,0
SEG_0897,BRAHMAPUTRA_BASIN,27.01,184.47,0.01727,7.42,894.6,24.79,87.37,89.02,0.668,0
SEG_0898,MANAS_RIVER_BASIN,44.33,277.18,0.03575,2.0,1281.3,75.65,149.93,21.31,0.328,0
SEG_0899,BRAHMAPUTRA_BASIN,8.33,351.39,0.0457,2.85,1562.5,26.58,121.34,99.62,0.813,0
SEG_0900,SUBANSIRI_VALLEY,38.26,158.01,0.04532,10.51,785.6,52.65,168.85,38.84,0.16,1
SEG_0901,BARAK_VALLEY,21.26,169.6,0.03187,3.74,3004.6,89.88,236.68,47.7,0.263,0
SEG_0902,MANAS_RIVER_BASIN,50.72,270.41,0.04334,6.44,3288.9,42.8,13.49,91.56,0.628,0
SEG_0903,TEESTA_VALLEY,51.39,119.76,0.00032,2.2,44.2,31.37,25.2,31.23,0.233,0
SEG_0904,TEESTA_VALLEY,30.23,351.21,0.01163,15.11,3358.6,28.52,77.8,92.4,0.75,0
SEG_0905,MANAS_RIVER_BASIN,54.66,4.17,-0.02004,10.72,1653.1,20.38,91.95,3.05,0.582,0
SEG_0906,SUBANSIRI_VALLEY,31.25,171.77,-0.00524,12.85,1853.2,38.19,64.54,4.53,0.537,0
SEG_0907,BARAK_VALLEY,12.41,235.38,0.01812,12.53,1772.4,89.57,234.09,96.88,0.577,0
SEG_0908,BARAK_VALLEY,33.91,93.33,0.04088,2.3,1231.1,73.99,191.73,49.93,0.113,0
SEG_0909,TEESTA_VALLEY,25.84,272.63,-0.0273,5.1,581.7,43.11,211.75,99.35,0.387,1
SEG_0910,TEESTA_VALLEY,18.44,191.61,0.01069,8.84,1439.8,28.8,120.63,40.93,0.506,0
SEG_0911,BARAK_VALLEY,20.98,60.34,-0.02371,2.5,2471.4,53.8,23.56,20.6,0.177,0
SEG_0912,SUBANSIRI_VALLEY,6.03,89.78,0.03907,12.06,273.9,83.08,123.26,101.61,0.551,0
SEG_0913,SUBANSIRI_VALLEY,26.74,72.28,-0.03924,8.16,449.1,53.29,156.3,99.29,0.609,0
SEG_0914,MANAS_RIVER_BASIN,28.47,332.86,-0.01024,10.75,2733.8,79.77,129.82,102.95,0.394,0
SEG_0915,BRAHMAPUTRA_BASIN,13.87,171.9,-0.00054,8.86,1894.9,32.93,91.56,52.1,0.198,0
SEG_0916,BRAHMAPUTRA_BASIN,28.72,141.0,0.04155,3.76,1476.2,40.67,124.54,54.92,0.489,0
SEG_0917,BARAK_VALLEY,16.37,171.22,-0.00756,14.05,1906.6,71.38,117.33,52.76,0.435,0
SEG_0918,TEESTA_VALLEY,23.8,230.42,-0.00052,13.89,3064.0,25.18,34.06,75.65,0.326,0
SEG_0919,SUBANSIRI_VALLEY,39.0,30.87,-0.00391,12.41,3450.6,69.38,61.21,85.99,0.548,0
SEG_0920,MANAS_RIVER_BASIN,53.1,260.24,0.01446,12.2,1683.8,54.97,212.8,81.71,0.773,0
SEG_0921,MANAS_RIVER_BASIN,53.82,252.08,0.00023,4.33,2474.7,35.95,70.74,28.59,0.756,0
SEG_0922,BRAHMAPUTRA_BASIN,40.34,284.55,-0.03063,5.66,1803.8,39.42,215.13,56.85,0.7,0
SEG_0923,MANAS_RIVER_BASIN,9.19,124.94,-0.00809,2.24,1290.1,34.36,126.51,40.37,0.645,0
SEG_0924,BRAHMAPUTRA_BASIN,44.37,354.3,-0.04801,11.79,900.1,13.6,100.72,112.23,0.109,0
SEG_0925,BARAK_VALLEY,15.65,97.58,-0.01958,9.2,2502.8,92.43,22.11,114.52,0.791,0
SEG_0926,SUBANSIRI_VALLEY,35.58,280.47,0.0219,8.95,163.4,62.0,12.14,72.45,0.7,0
SEG_0927,BRAHMAPUTRA_BASIN,54.85,164.11,0.02488,11.34,3470.2,73.48,41.01,114.66,0.601,0
SEG_0928,BARAK_VALLEY,20.83,243.79,-0.0016,15.7,3061.9,41.96,11.37,101.48,0.783,0
SEG_0929,BARAK_VALLEY,23.4,27.95,0.02135,2.05,182.0,10.39,161.33,50.09,0.323,0
SEG_0930,BRAHMAPUTRA_BASIN,32.73,28.92,0.02902,7.92,2805.8,32.59,105.62,94.39,0.83,0
SEG_0931,BRAHMAPUTRA_BASIN,25.7,83.78,-0.00087,14.21,2498.0,61.62,22.25,83.28,0.225,0
SEG_0932,SUBANSIRI_VALLEY,22.52,309.17,-0.03735,9.92,514.4,72.73,226.27,52.15,0.466,1
SEG_0933,BRAHMAPUTRA_BASIN,5.4,177.15,0.00314,4.82,1010.7,78.1,117.59,38.08,0.567,0
SEG_0934,SUBANSIRI_VALLEY,42.08,215.79,-0.04424,12.88,1353.1,39.4,112.02,41.54,0.354,0
SEG_0935,SUBANSIRI_VALLEY,11.23,349.42,0.00549,4.56,476.6,62.64,158.25,6.36,0.282,0
SEG_0936,TEESTA_VALLEY,22.32,6.93,0.03252,4.0,1097.2,60.65,61.5,59.66,0.707,0
SEG_0937,MANAS_RIVER_BASIN,32.27,18.43,0.02455,9.07,2274.0,54.73,122.95,20.61,0.309,0
SEG_0938,BRAHMAPUTRA_BASIN,24.77,294.41,0.00678,2.59,635.1,86.98,140.72,114.04,0.154,1
SEG_0939,SUBANSIRI_VALLEY,51.9,297.24,0.01978,3.15,1475.6,59.78,46.85,53.79,0.551,0
SEG_0940,MANAS_RIVER_BASIN,21.18,301.92,-0.03964,13.73,551.6,17.38,160.44,56.63,0.781,0
SEG_0941,BARAK_VALLEY,30.04,164.14,-0.01556,11.71,2663.3,85.92,243.21,32.0,0.637,0
SEG_0942,TEESTA_VALLEY,7.41,0.37,0.01002,5.98,3084.3,39.13,72.43,32.34,0.209,0
SEG_0943,TEESTA_VALLEY,13.41,152.87,-0.0039,2.29,78.5,56.3,174.01,113.06,0.234,1
SEG_0944,TEESTA_VALLEY,11.61,257.01,-0.00646,6.13,194.1,53.37,88.86,30.18,0.621,0
SEG_0945,MANAS_RIVER_BASIN,25.73,29.64,0.01065,3.45,2929.0,82.5,133.4,16.94,0.119,0
SEG_0946,BARAK_VALLEY,35.61,59.96,0.00286,10.26,1057.2,13.12,9.31,3.16,0.654,0
SEG_0947,SUBANSIRI_VALLEY,43.33,258.92,0.03817,10.95,253.8,32.53,201.98,20.06,0.624,0
SEG_0948,MANAS_RIVER_BASIN,36.01,195.91,0.02398,11.88,1879.0,70.42,218.39,51.87,0.41,1
SEG_0949,BRAHMAPUTRA_BASIN,48.24,160.37,0.02141,14.15,170.1,61.08,213.37,47.78,0.327,1
SEG_0950,TEESTA_VALLEY,9.52,202.56,-0.0021,3.46,2151.5,75.68,191.82,108.64,0.407,0
SEG_0951,MANAS_RIVER_BASIN,48.27,106.74,-0.03407,8.1,1418.6,61.24,145.85,90.0,0.482,0
SEG_0952,MANAS_RIVER_BASIN,54.86,188.93,0.00439,7.49,1098.9,32.39,85.86,55.18,0.244,0
SEG_0953,SUBANSIRI_VALLEY,50.3,324.35,0.04765,14.63,463.3,83.31,102.46,118.9,0.454,1
SEG_0954,BRAHMAPUTRA_BASIN,13.05,115.57,-0.0275,14.29,1696.9,60.12,148.42,76.75,0.472,0
SEG_0955,MANAS_RIVER_BASIN,40.01,197.19,0.01096,3.27,1669.2,27.24,52.1,79.36,0.783,0
SEG_0956,MANAS_RIVER_BASIN,53.14,8.7,-0.01937,11.33,3120.2,32.82,232.62,71.29,0.701,0
SEG_0957,TEESTA_VALLEY,51.45,314.75,-0.03655,4.42,1264.6,35.88,153.69,108.33,0.822,0
SEG_0958,SUBANSIRI_VALLEY,31.23,199.83,0.02425,5.08,1301.7,42.4,239.86,53.27,0.666,0
SEG_0959,TEESTA_VALLEY,43.23,60.45,-0.00805,8.79,911.9,57.04,72.7,82.5,0.453,0
SEG_0960,BARAK_VALLEY,51.83,297.7,0.03444,9.97,1350.6,93.18,108.03,64.66,0.435,0
SEG_0961,BRAHMAPUTRA_BASIN,46.63,257.33,0.02302,9.17,2498.2,47.62,162.87,31.08,0.152,0
SEG_0962,TEESTA_VALLEY,15.75,73.65,-0.03185,2.2,2705.9,87.88,153.54,22.58,0.314,0
SEG_0963,TEESTA_VALLEY,5.74,127.04,-0.03569,14.94,382.0,44.51,56.52,101.61,0.331,0
SEG_0964,MANAS_RIVER_BASIN,45.47,348.43,-0.00221,12.18,1310.1,26.41,110.77,19.89,0.837,0
SEG_0965,MANAS_RIVER_BASIN,46.64,117.48,0.02278,3.31,2314.6,38.19,187.44,16.35,0.773,0
SEG_0966,TEESTA_VALLEY,14.77,4.02,-0.02577,11.5,824.2,55.3,221.95,83.25,0.396,0
SEG_0967,SUBANSIRI_VALLEY,41.57,188.8,0.04809,9.74,107.1,63.75,36.33,95.82,0.742,0
SEG_0968,SUBANSIRI_VALLEY,16.24,70.26,-0.03346,12.88,816.9,56.87,112.89,69.55,0.758,0
SEG_0969,TEESTA_VALLEY,30.77,94.14,0.02226,6.5,2541.6,35.35,188.12,3.67,0.312,0
SEG_0970,MANAS_RIVER_BASIN,25.39,253.81,-0.02731,13.13,2215.1,62.29,88.39,57.89,0.548,0
SEG_0971,TEESTA_VALLEY,29.79,277.71,-0.04978,14.44,959.6,69.45,201.59,19.7,0.432,0
SEG_0972,MANAS_RIVER_BASIN,50.85,254.44,0.02224,3.19,785.6,10.78,179.03,41.33,0.69,0
SEG_0973,MANAS_RIVER_BASIN,23.84,254.62,0.01717,4.75,2356.7,32.47,4.64,83.91,0.584,0
SEG_0974,BARAK_VALLEY,52.12,355.07,-0.04114,6.08,1316.0,79.1,148.98,77.32,0.668,0
SEG_0975,BARAK_VALLEY,17.81,91.66,0.04489,10.9,562.5,74.28,180.51,79.98,0.201,0
SEG_0976,TEESTA_VALLEY,39.87,182.24,-0.04744,14.95,2984.4,56.66,57.24,14.59,0.373,0
SEG_0977,MANAS_RIVER_BASIN,32.45,286.8,-0.04562,9.94,1405.8,78.7,9.61,48.2,0.699,0
SEG_0978,SUBANSIRI_VALLEY,11.62,243.72,0.0175,15.71,2497.6,53.9,214.33,12.54,0.437,0
SEG_0979,MANAS_RIVER_BASIN,32.84,255.14,-0.03656,13.4,2129.3,94.51,84.88,12.98,0.48,0
SEG_0980,BRAHMAPUTRA_BASIN,41.35,359.76,0.04903,12.42,2593.8,32.04,208.38,48.61,0.821,0
SEG_0981,MANAS_RIVER_BASIN,23.73,29.08,-0.01127,10.4,1807.5,71.81,13.87,34.14,0.714,0
SEG_0982,TEESTA_VALLEY,20.14,178.06,-0.0368,15.38,2805.3,69.45,134.55,95.06,0.471,0
SEG_0983,SUBANSIRI_VALLEY,25.59,170.57,-0.00855,13.79,820.4,10.51,162.83,24.3,0.768,0
SEG_0984,BRAHMAPUTRA_BASIN,37.15,167.44,0.0471,11.5,55.1,52.81,103.61,12.81,0.792,0
SEG_0985,TEESTA_VALLEY,33.85,314.26,0.03636,7.2,746.9,78.99,108.27,23.05,0.778,0
SEG_0986,TEESTA_VALLEY,20.55,115.2,-0.01605,11.52,222.3,92.69,55.63,119.96,0.229,0
SEG_0987,SUBANSIRI_VALLEY,32.35,67.37,-0.04674,15.24,3241.6,24.48,101.94,99.72,0.596,0
SEG_0988,BRAHMAPUTRA_BASIN,22.7,320.92,-0.03341,4.09,2027.6,68.52,48.65,46.89,0.81,0
SEG_0989,BARAK_VALLEY,12.94,332.17,-0.04973,14.51,3095.7,38.21,176.07,30.34,0.669,0
SEG_0990,BRAHMAPUTRA_BASIN,19.99,76.98,-0.04622,2.6,3047.8,70.38,165.13,73.76,0.737,0
SEG_0991,SUBANSIRI_VALLEY,34.82,300.85,0.02551,12.54,1822.1,89.28,147.03,110.1,0.51,0
SEG_0992,BARAK_VALLEY,52.43,230.94,0.03769,11.46,1262.3,55.63,168.94,115.23,0.29,1
SEG_0993,BRAHMAPUTRA_BASIN,48.03,187.86,-0.03065,14.49,128.1,89.69,12.63,79.9,0.154,1
SEG_0994,TEESTA_VALLEY,46.56,5.57,-0.02271,2.03,1466.7,74.82,199.69,113.42,0.556,1
SEG_0995,SUBANSIRI_VALLEY,51.21,279.11,0.00744,11.74,3236.6,73.4,92.09,85.56,0.13,0
SEG_0996,TEESTA_VALLEY,6.15,48.02,0.01546,13.23,3458.9,40.83,149.84,112.46,0.225,0
SEG_0997,TEESTA_VALLEY,42.75,32.03,0.03612,13.38,136.2,18.11,12.28,40.17,0.482,0
SEG_0998,SUBANSIRI_VALLEY,53.3,346.88,-0.00563,13.13,66.2,58.76,185.82,26.03,0.146,1
SEG_0999,BARAK_VALLEY,21.48,137.38,0.0118,12.06,1384.3,90.54,140.0,54.05,0.585,0
SEG_1000,BARAK_VALLEY,31.83,344.87,0.00885,2.15,227.8,98.36,17.99,5.53,0.365,0
